process,task_hash,a_bytes,c_bytes,M_peak_rss_bytes,M_cgroup_peak_bytes,runtime_seconds
NFCORE_CHIPSEQ:CHIPSEQ:KHMER_UNIQUEKMERS,647b838956f30afc80824c053d864b1c,16882073,,47290777,95842304,3
NFCORE_CHIPSEQ:CHIPSEQ:INPUT_CHECK:SAMPLESHEET_CHECK,3e637293ab9507ac43e3960bc13a26eb,685158,,2936012,42569728,2
NFCORE_CHIPSEQ:PREPARE_GENOME:CUSTOM_GETCHROMSIZES,b0642fa80200d8a67043cc2d386f795c,12478054,,3355443,47898624,1
NFCORE_CHIPSEQ:PREPARE_GENOME:GENOME_BLACKLIST_REGIONS,973e639414c845269a52093e5f427b78,40550,,2831155,35381248,1
NFCORE_CHIPSEQ:PREPARE_GENOME:BWA_INDEX,ef2fbe7ee6ed52f91a6b177a8f4ee7cd,49073356,,133588582,29237248,1
NFCORE_CHIPSEQ:CHIPSEQ:FASTQ_FASTQC_UMITOOLS_TRIMGALORE:FASTQC,6f75919318d0593eb3ae6fd5ee24af2e,20552089,,396361728,450535424,10
NFCORE_CHIPSEQ:CHIPSEQ:FASTQ_FASTQC_UMITOOLS_TRIMGALORE:FASTQC,6a1387660d1fb767fe7f1029ffa19474,23068672,,406218342,572989440,12
NFCORE_CHIPSEQ:CHIPSEQ:FASTQ_FASTQC_UMITOOLS_TRIMGALORE:TRIMGALORE,7ba0ba9b3a36a01443d7def8bc3d028e,235405312,,212756070,332423168,28
NFCORE_CHIPSEQ:CHIPSEQ:FASTQ_FASTQC_UMITOOLS_TRIMGALORE:TRIMGALORE,5395f9ecb43018a7b466da45406ca190,235300454,,171337318,320827392,27
NFCORE_CHIPSEQ:CHIPSEQ:FASTQ_FASTQC_UMITOOLS_TRIMGALORE:FASTQC,7471e5f683b1c8382d5970f3998c55fe,23068672,,428448153,547106816,11
NFCORE_CHIPSEQ:CHIPSEQ:FASTQ_FASTQC_UMITOOLS_TRIMGALORE:TRIMGALORE,556b89b39e150cec686bf2930a6c14f0,259837132,,87975526,372690944,31
NFCORE_CHIPSEQ:CHIPSEQ:FASTQ_FASTQC_UMITOOLS_TRIMGALORE:TRIMGALORE,c77521b53394b328f2077d4c5c759479,261619712,,99195289,399941632,31
NFCORE_CHIPSEQ:CHIPSEQ:FASTQ_FASTQC_UMITOOLS_TRIMGALORE:FASTQC,2a2d212b12dc23261cdd89a5f1311a07,23383244,,457598566,553680896,11
NFCORE_CHIPSEQ:CHIPSEQ:FASTQ_FASTQC_UMITOOLS_TRIMGALORE:TRIMGALORE,18994c7c0f686fe2bd75170c41875d51,267072307,,132959436,363937792,32
NFCORE_CHIPSEQ:CHIPSEQ:FASTQ_ALIGN_BWA:BWA_MEM,c8bf25745fc58ba513f3d3afd406708b,86926950,,180145356,214712320,11
NFCORE_CHIPSEQ:CHIPSEQ:FASTQ_FASTQC_UMITOOLS_TRIMGALORE:TRIMGALORE,ae0bb7868dbf918e8ddd887adc3a9132,262668288,,89233817,378839040,32
NFCORE_CHIPSEQ:CHIPSEQ:FASTQ_FASTQC_UMITOOLS_TRIMGALORE:FASTQC,b8164fed5a81b5e9e6d383f1bdc7c80b,23278387,,443233075,546193408,12
NFCORE_CHIPSEQ:CHIPSEQ:FASTQ_ALIGN_BWA:BWA_MEM,e1ee652f8f14127da5a2dc365ec8386b,87031808,,180459929,217513984,10
NFCORE_CHIPSEQ:CHIPSEQ:FASTQ_ALIGN_BWA:BWA_MEM,fb1067cc16dcacad369a400070f5326d,86717235,,186961100,222679040,13
NFCORE_CHIPSEQ:CHIPSEQ:FASTQ_ALIGN_BWA:BWA_MEM,583d5504b2f0607e183658740cc59ec2,85354086,,183500800,219328512,13
NFCORE_CHIPSEQ:CHIPSEQ:FASTQ_ALIGN_BWA:BAM_SORT_STATS_SAMTOOLS:SAMTOOLS_SORT,7bcfde4c8d0bb5e3017122bb38f3dd29,24536678,,3355443,113893376,3
NFCORE_CHIPSEQ:CHIPSEQ:FASTQ_ALIGN_BWA:BAM_SORT_STATS_SAMTOOLS:SAMTOOLS_SORT,4adfa7f1d6cd2a2597405f349955b29b,24536678,,3145728,115363840,2
NFCORE_CHIPSEQ:CHIPSEQ:FASTQ_ALIGN_BWA:BAM_SORT_STATS_SAMTOOLS:SAMTOOLS_SORT,ba186033aaa7219d0a220434159f88af,24117248,,4823449,107163648,2
NFCORE_CHIPSEQ:CHIPSEQ:FASTQ_ALIGN_BWA:BAM_SORT_STATS_SAMTOOLS:SAMTOOLS_SORT,e9a43127a22c1352a713ec5e68fb23c0,24746393,,5242880,107958272,2
NFCORE_CHIPSEQ:CHIPSEQ:FASTQ_ALIGN_BWA:BAM_SORT_STATS_SAMTOOLS:SAMTOOLS_INDEX,baf44ec2965bb69e12cdb3aabd4a609f,10800332,,3250585,47411200,1
NFCORE_CHIPSEQ:CHIPSEQ:FASTQ_ALIGN_BWA:BAM_SORT_STATS_SAMTOOLS:SAMTOOLS_INDEX,8357ed46a000a8589264523be36b743a,10800332,,3460300,59699200,1
NFCORE_CHIPSEQ:CHIPSEQ:FASTQ_ALIGN_BWA:BWA_MEM,0602bbe43d8035c7b91fd180d66d97b1,85668659,,184549376,219963392,13
NFCORE_CHIPSEQ:CHIPSEQ:FASTQ_ALIGN_BWA:BAM_SORT_STATS_SAMTOOLS:SAMTOOLS_INDEX,095525675be00deb44cb8bf18101376c,9122611,,3355443,57221120,1
NFCORE_CHIPSEQ:CHIPSEQ:FASTQ_ALIGN_BWA:BAM_SORT_STATS_SAMTOOLS:SAMTOOLS_INDEX,8f702c9ce1b75bcf2f088f3442bee1be,9122611,,3355443,58703872,1
NFCORE_CHIPSEQ:CHIPSEQ:FASTQ_ALIGN_BWA:BAM_SORT_STATS_SAMTOOLS:SAMTOOLS_SORT,ca2e487685a069600130bf4290075d4e,24326963,,5033164,109232128,3
NFCORE_CHIPSEQ:CHIPSEQ:FASTQ_ALIGN_BWA:BAM_SORT_STATS_SAMTOOLS:SAMTOOLS_INDEX,c771e1596b03e10ecd01187b521eb659,8703180,,3355443,50237440,1
NFCORE_CHIPSEQ:CHIPSEQ:FASTQ_ALIGN_BWA:BWA_MEM,0b2ab9a40d155b02d8d64803087c55db,85039513,,174692761,217722880,12
NFCORE_CHIPSEQ:CHIPSEQ:FASTQ_ALIGN_BWA:BAM_SORT_STATS_SAMTOOLS:SAMTOOLS_SORT,7daa7541bd1d427d3ec90a22660247e6,23907532,,3460300,107921408,2
NFCORE_CHIPSEQ:CHIPSEQ:FASTQ_ALIGN_BWA:BAM_SORT_STATS_SAMTOOLS:SAMTOOLS_INDEX,44bfa02d57b4bf919c50d0ae2377ac0e,8808038,,3355443,57651200,1
NFCORE_CHIPSEQ:CHIPSEQ:PICARD_MERGESAMFILES,1008620632104bee4cde46d46c5031dd,13316915,,105381888,29843456,1
NFCORE_CHIPSEQ:CHIPSEQ:PICARD_MERGESAMFILES,f7e83d053bb4f0405239ab03e74c591c,13316915,,105486745,31010816,0
NFCORE_CHIPSEQ:CHIPSEQ:PICARD_MERGESAMFILES,fa5cc186c75221fdd85c5a5c043c71e9,13316915,,107164467,30703616,0
NFCORE_CHIPSEQ:CHIPSEQ:FASTQ_ALIGN_BWA:BAM_SORT_STATS_SAMTOOLS:BAM_STATS_SAMTOOLS:SAMTOOLS_FLAGSTAT,bffde687d00b477295b18de6f2784746,10800332,,3355443,48410624,1
NFCORE_CHIPSEQ:CHIPSEQ:FASTQ_ALIGN_BWA:BAM_SORT_STATS_SAMTOOLS:BAM_STATS_SAMTOOLS:SAMTOOLS_IDXSTATS,1498fcbbf567d7d75500fc4aa5215ab7,202240,,3355443,48898048,1
NFCORE_CHIPSEQ:CHIPSEQ:PICARD_MERGESAMFILES,e76960b4d15affb13cf230ae1215bb03,13316915,,106220748,31203328,1
NFCORE_CHIPSEQ:CHIPSEQ:FASTQ_ALIGN_BWA:BAM_SORT_STATS_SAMTOOLS:BAM_STATS_SAMTOOLS:SAMTOOLS_STATS,b217aab40c919b42110c60aa50393153,10800332,,3250585,49799168,2
NFCORE_CHIPSEQ:CHIPSEQ:FASTQ_ALIGN_BWA:BAM_SORT_STATS_SAMTOOLS:BAM_STATS_SAMTOOLS:SAMTOOLS_STATS,6d28d4329ecf049f9b94ea751d69302c,10800332,,3460300,48816128,1
NFCORE_CHIPSEQ:CHIPSEQ:PICARD_MERGESAMFILES,fb4eacb390d9eebf27c9ebf79ff177a7,13316915,,106849894,30498816,1
NFCORE_CHIPSEQ:CHIPSEQ:PICARD_MERGESAMFILES,2c51f7a09de0934770acaed8a7582a72,13316915,,106745036,30216192,0
NFCORE_CHIPSEQ:CHIPSEQ:FASTQ_ALIGN_BWA:BAM_SORT_STATS_SAMTOOLS:BAM_STATS_SAMTOOLS:SAMTOOLS_STATS,3c62d47d10258eeef59e6d050869ea5e,8808038,,3355443,49012736,2
NFCORE_CHIPSEQ:CHIPSEQ:FASTQ_ALIGN_BWA:BAM_SORT_STATS_SAMTOOLS:BAM_STATS_SAMTOOLS:SAMTOOLS_FLAGSTAT,50cec3f1479867d09beec5d667e2c9ad,10800332,,3250585,49508352,1
NFCORE_CHIPSEQ:CHIPSEQ:BAM_MARKDUPLICATES_PICARD:PICARD_MARKDUPLICATES,583dc023b99d1b10f4ef74c27bc7157a,49912217,,2254857830,2278436864,16
NFCORE_CHIPSEQ:CHIPSEQ:FASTQ_ALIGN_BWA:BAM_SORT_STATS_SAMTOOLS:BAM_STATS_SAMTOOLS:SAMTOOLS_STATS,616d46bd52d659bcf1af39ede52c4e0a,9227468,,3355443,49500160,2
NFCORE_CHIPSEQ:CHIPSEQ:FASTQ_ALIGN_BWA:BAM_SORT_STATS_SAMTOOLS:BAM_STATS_SAMTOOLS:SAMTOOLS_IDXSTATS,2f7c110ca0fd8007df8cb13486b30205,202137,,3250585,49250304,1
NFCORE_CHIPSEQ:CHIPSEQ:FASTQ_ALIGN_BWA:BAM_SORT_STATS_SAMTOOLS:BAM_STATS_SAMTOOLS:SAMTOOLS_STATS,07651bf3c4baa367b36987e2a6d00179,9122611,,3250585,50692096,1
NFCORE_CHIPSEQ:CHIPSEQ:BAM_MARKDUPLICATES_PICARD:PICARD_MARKDUPLICATES,1effedf65c910b0ef5265f924abfeb86,50121932,,2147483648,2281406464,16
NFCORE_CHIPSEQ:CHIPSEQ:FASTQ_ALIGN_BWA:BAM_SORT_STATS_SAMTOOLS:BAM_STATS_SAMTOOLS:SAMTOOLS_FLAGSTAT,9ee540ca353efc63ce5e5b2c39055827,9122611,,3250585,49168384,1
NFCORE_CHIPSEQ:CHIPSEQ:FASTQ_ALIGN_BWA:BAM_SORT_STATS_SAMTOOLS:BAM_STATS_SAMTOOLS:SAMTOOLS_IDXSTATS,13131168514e4a3cd35d85bba3fdc3d8,202240,,3355443,48893952,1
NFCORE_CHIPSEQ:CHIPSEQ:FASTQ_ALIGN_BWA:BAM_SORT_STATS_SAMTOOLS:BAM_STATS_SAMTOOLS:SAMTOOLS_FLAGSTAT,2f674c100a90b42d29e456e76abbe6aa,9122611,,7340032,49045504,1
NFCORE_CHIPSEQ:CHIPSEQ:FASTQ_ALIGN_BWA:BAM_SORT_STATS_SAMTOOLS:BAM_STATS_SAMTOOLS:SAMTOOLS_IDXSTATS,47cbf1e2344e3e1eb86cf1fbe4ffb5ce,202240,,3355443,48443392,1
NFCORE_CHIPSEQ:CHIPSEQ:FASTQ_ALIGN_BWA:BAM_SORT_STATS_SAMTOOLS:BAM_STATS_SAMTOOLS:SAMTOOLS_FLAGSTAT,12207552496505c5f1a8181f9ccae93f,8703180,,3355443,49242112,1
NFCORE_CHIPSEQ:CHIPSEQ:FASTQ_ALIGN_BWA:BAM_SORT_STATS_SAMTOOLS:BAM_STATS_SAMTOOLS:SAMTOOLS_FLAGSTAT,9fe7cfdd8fe896866e9b7bf059f13820,8808038,,3250585,48373760,1
NFCORE_CHIPSEQ:CHIPSEQ:FASTQ_ALIGN_BWA:BAM_SORT_STATS_SAMTOOLS:BAM_STATS_SAMTOOLS:SAMTOOLS_IDXSTATS,5de4378b93bb639ce4bf565fe7ee6bd3,201728,,3355443,48594944,1
NFCORE_CHIPSEQ:CHIPSEQ:FASTQ_ALIGN_BWA:BAM_SORT_STATS_SAMTOOLS:BAM_STATS_SAMTOOLS:SAMTOOLS_IDXSTATS,223a0ed4576b9302f3543c8817425687,203366,,3355443,47812608,1
NFCORE_CHIPSEQ:CHIPSEQ:FASTQ_ALIGN_BWA:BAM_SORT_STATS_SAMTOOLS:BAM_STATS_SAMTOOLS:SAMTOOLS_STATS,c832eb1ac6c6bd818910493ced80868c,8703180,,3355443,49086464,2
NFCORE_CHIPSEQ:CHIPSEQ:BAM_MARKDUPLICATES_PICARD:PICARD_MARKDUPLICATES,fed0e9f7a4c13bb437b67e56d10d6605,46137344,,2147483648,2286067712,16
NFCORE_CHIPSEQ:CHIPSEQ:BAM_MARKDUPLICATES_PICARD:SAMTOOLS_INDEX,90f710ddb8e34eb11be7630ab4e8398d,11114905,,3355443,60366848,2
NFCORE_CHIPSEQ:CHIPSEQ:BAM_MARKDUPLICATES_PICARD:SAMTOOLS_INDEX,57236bccf6b5dbbb8cde8d559bd72a54,11219763,,3355443,60391424,1
NFCORE_CHIPSEQ:CHIPSEQ:BAM_MARKDUPLICATES_PICARD:SAMTOOLS_INDEX,3308c358a3bce3810c3231e9a8ebd47b,9227468,,3355443,47550464,1
NFCORE_CHIPSEQ:CHIPSEQ:BAM_FILTER_BAMTOOLS:BAMTOOLS_FILTER,b2f595b61d22319ed58b53b4cd9cca8a,20761804,,12163481,61153280,5
NFCORE_CHIPSEQ:CHIPSEQ:BAM_FILTER_BAMTOOLS:SAMTOOLS_SORT,f48a85b210431ddcdd0a4ec69347dee1,18979225,,15099494,117346304,2
NFCORE_CHIPSEQ:CHIPSEQ:BAM_FILTER_BAMTOOLS:BAM_REMOVE_ORPHANS,a3a9bb14fc9f828c78724eb94fd29515,21286092,,23488102,108527616,4
NFCORE_CHIPSEQ:CHIPSEQ:BAM_MARKDUPLICATES_PICARD:PICARD_MARKDUPLICATES,5067b1ab1080646bf8da11c6f2b16b33,46766489,,2147483648,2283106304,16
NFCORE_CHIPSEQ:CHIPSEQ:BAM_MARKDUPLICATES_PICARD:SAMTOOLS_INDEX,883de5471a61efc5dc7f67b3e71f06c1,9542041,,3250585,47259648,1
NFCORE_CHIPSEQ:CHIPSEQ:BAM_MARKDUPLICATES_PICARD:PICARD_MARKDUPLICATES,234e847719af65cf1e06f31275f0b59a,46661632,,2147483648,2290679808,16
NFCORE_CHIPSEQ:CHIPSEQ:BAM_FILTER_BAMTOOLS:BAM_SORT_STATS_SAMTOOLS:SAMTOOLS_SORT,c996eac188d08b59793a913e045ecd3a,20447232,,3145728,117473280,2
NFCORE_CHIPSEQ:CHIPSEQ:BAM_MARKDUPLICATES_PICARD:SAMTOOLS_INDEX,d7e2d2b275e5d69492fb0e43a1a21301,9542041,,3250585,57815040,2
NFCORE_CHIPSEQ:CHIPSEQ:BAM_FILTER_BAMTOOLS:BAMTOOLS_FILTER,3b872ad7f6e7935510ee259e32c20831,15938355,,12268339,66514944,3
NFCORE_CHIPSEQ:CHIPSEQ:BAM_FILTER_BAMTOOLS:BAM_SORT_STATS_SAMTOOLS:SAMTOOLS_INDEX,eef195b8ce487e78a71a35656f93cdfd,9542041,,3355443,58380288,1
NFCORE_CHIPSEQ:CHIPSEQ:BAM_FILTER_BAMTOOLS:BAMTOOLS_FILTER,ef6f9e3eff6d581d994f16c3a04095e7,20447232,,12373196,59031552,4
NFCORE_CHIPSEQ:CHIPSEQ:BAM_FILTER_BAMTOOLS:BAMTOOLS_FILTER,4f71adaaed83cd7b7217ea386e2e4359,14470348,,12163481,63528960,3
NFCORE_CHIPSEQ:CHIPSEQ:BAM_FILTER_BAMTOOLS:BAMTOOLS_FILTER,16e7b28837e7298535d2cf39da7fb9fe,15833497,,12268339,55353344,4
NFCORE_CHIPSEQ:CHIPSEQ:BAM_FILTER_BAMTOOLS:SAMTOOLS_SORT,219aed5cb8a09f5771fcb77385cbf627,12478054,,3250585,84439040,2
NFCORE_CHIPSEQ:CHIPSEQ:BAM_FILTER_BAMTOOLS:SAMTOOLS_SORT,93137ab560a1808ff10bcea1b5a534a8,10380902,,3460300,76050432,2
NFCORE_CHIPSEQ:CHIPSEQ:BAM_FILTER_BAMTOOLS:SAMTOOLS_SORT,39630edc0a3d926d965b2df971873d0e,18454937,,67842867,115810304,3
NFCORE_CHIPSEQ:CHIPSEQ:BAM_FILTER_BAMTOOLS:BAM_REMOVE_ORPHANS,47578d839005b3062fdad4eabdbc216b,12792627,,23488102,80908288,3
NFCORE_CHIPSEQ:CHIPSEQ:BAM_FILTER_BAMTOOLS:BAM_REMOVE_ORPHANS,d2e2f6b710a34b1ad5868459c85e9a81,15309209,,23592960,83017728,3
NFCORE_CHIPSEQ:CHIPSEQ:BAM_MARKDUPLICATES_PICARD:PICARD_MARKDUPLICATES,7bde43eced8b7ed04720d7ade7cfe8f3,45717913,,2147483648,2320822272,15
NFCORE_CHIPSEQ:CHIPSEQ:BAM_FILTER_BAMTOOLS:SAMTOOLS_SORT,8e9ccd6fcdab3f8729e60d29ff406d4c,12373196,,3355443,84905984,2
NFCORE_CHIPSEQ:CHIPSEQ:BAM_FILTER_BAMTOOLS:BAM_REMOVE_ORPHANS,a19130cd530273309627ea4b2f64d769,20761804,,23488102,115671040,4
NFCORE_CHIPSEQ:CHIPSEQ:BAM_FILTER_BAMTOOLS:BAM_REMOVE_ORPHANS,014b34280d44822caab2f267b6d06785,15414067,,23697817,85262336,3
NFCORE_CHIPSEQ:CHIPSEQ:BAM_MARKDUPLICATES_PICARD:SAMTOOLS_INDEX,d31b5acbc5927b9c00ab7eca7285910d,9122611,,3250585,58023936,1
NFCORE_CHIPSEQ:CHIPSEQ:PHANTOMPEAKQUALTOOLS,3e760d4b5d5d82b77ab1091b1e9f1c09,85458944,,121739673,143642624,2
NFCORE_CHIPSEQ:CHIPSEQ:BAM_FILTER_BAMTOOLS:BAMTOOLS_FILTER,975898bfe1bdf8d8581b9dfef38a1084,13631488,,12268339,54935552,3
NFCORE_CHIPSEQ:CHIPSEQ:BAM_FILTER_BAMTOOLS:BAM_SORT_STATS_SAMTOOLS:SAMTOOLS_SORT,8d7947eb0b1db762f189c7a297529748,11744051,,3355443,77139968,2
NFCORE_CHIPSEQ:CHIPSEQ:BAM_MARKDUPLICATES_PICARD:BAM_STATS_SAMTOOLS:SAMTOOLS_FLAGSTAT,b940567efe92b9dd0e690ba187a7affe,11219763,,3355443,48119808,1
NFCORE_CHIPSEQ:CHIPSEQ:BAM_MARKDUPLICATES_PICARD:BAM_STATS_SAMTOOLS:SAMTOOLS_IDXSTATS,081963dfee4080b4ee4e696aa72b71bf,202035,,3250585,50434048,1
NFCORE_CHIPSEQ:CHIPSEQ:PICARD_COLLECTMULTIPLEMETRICS,0eee1d0e1f14a10af20b2a5cb9748e24,90911539,,334705459,604987392,15
NFCORE_CHIPSEQ:CHIPSEQ:BAM_MARKDUPLICATES_PICARD:BAM_STATS_SAMTOOLS:SAMTOOLS_IDXSTATS,6e06d83426b16be5da6a2a1cc36120c8,202240,,6710886,48275456,1
NFCORE_CHIPSEQ:CHIPSEQ:BAM_MARKDUPLICATES_PICARD:BAM_STATS_SAMTOOLS:SAMTOOLS_FLAGSTAT,af85937e2a9c9668e3f0bee84704da4b,11114905,,3355443,48463872,1
NFCORE_CHIPSEQ:CHIPSEQ:BAM_MARKDUPLICATES_PICARD:BAM_STATS_SAMTOOLS:SAMTOOLS_FLAGSTAT,1382839d8bd38628f9bc52a37920227e,9227468,,3355443,49676288,2
NFCORE_CHIPSEQ:CHIPSEQ:BAM_FILTER_BAMTOOLS:BAM_SORT_STATS_SAMTOOLS:SAMTOOLS_SORT,d009d7f762ecf364101653acdad91855,14260633,,3355443,90255360,2
NFCORE_CHIPSEQ:CHIPSEQ:BAM_MARKDUPLICATES_PICARD:BAM_STATS_SAMTOOLS:SAMTOOLS_IDXSTATS,50a5e7e93ea28432cc7b8ea1f614f595,202444,,6920601,50708480,1
NFCORE_CHIPSEQ:CHIPSEQ:BAM_MARKDUPLICATES_PICARD:BAM_STATS_SAMTOOLS:SAMTOOLS_IDXSTATS,4ade850d6a5fdf50df6e0c52848cf27b,201830,,3355443,48181248,1
NFCORE_CHIPSEQ:CHIPSEQ:BAM_MARKDUPLICATES_PICARD:BAM_STATS_SAMTOOLS:SAMTOOLS_FLAGSTAT,4cd6a715c5263fa8351160fabe91a5ad,9542041,,3355443,48865280,1
NFCORE_CHIPSEQ:CHIPSEQ:BAM_MARKDUPLICATES_PICARD:BAM_STATS_SAMTOOLS:SAMTOOLS_FLAGSTAT,6eab7c256393a41cbb05bab47a586ada,9542041,,3355443,48447488,1
NFCORE_CHIPSEQ:CHIPSEQ:BAM_MARKDUPLICATES_PICARD:BAM_STATS_SAMTOOLS:SAMTOOLS_IDXSTATS,f1a162088e6af9a2463443f9948a36ec,202444,,3250585,49455104,1
NFCORE_CHIPSEQ:CHIPSEQ:BAM_MARKDUPLICATES_PICARD:BAM_STATS_SAMTOOLS:SAMTOOLS_STATS,202d38ed3f96aed2671b8b23d6257ec8,11219763,,3250585,49086464,1
NFCORE_CHIPSEQ:CHIPSEQ:BAM_MARKDUPLICATES_PICARD:BAM_STATS_SAMTOOLS:SAMTOOLS_IDXSTATS,8b69621bc50236779028572aa767aa3b,203366,,3355443,47943680,1
NFCORE_CHIPSEQ:CHIPSEQ:BAM_MARKDUPLICATES_PICARD:BAM_STATS_SAMTOOLS:SAMTOOLS_STATS,7d054c89e20ad5d920380947c6f1c9dc,9227468,,3355443,49414144,2
NFCORE_CHIPSEQ:CHIPSEQ:BAM_MARKDUPLICATES_PICARD:BAM_STATS_SAMTOOLS:SAMTOOLS_STATS,62de0e75631c17baba439abcf22f85df,9542041,,3460300,50294784,1
NFCORE_CHIPSEQ:CHIPSEQ:BAM_MARKDUPLICATES_PICARD:BAM_STATS_SAMTOOLS:SAMTOOLS_STATS,34ca408aac8456750ca8486223598535,9542041,,3355443,49819648,2
NFCORE_CHIPSEQ:CHIPSEQ:BAM_MARKDUPLICATES_PICARD:BAM_STATS_SAMTOOLS:SAMTOOLS_STATS,e2fc5c4f089428975620eb5582c75a45,9122611,,3460300,50302976,1
NFCORE_CHIPSEQ:CHIPSEQ:PICARD_COLLECTMULTIPLEMETRICS,e62ed0bfd7451ac65ea16d69f6fe8a82,87660953,,324534272,602501120,16
NFCORE_CHIPSEQ:CHIPSEQ:BAM_FILTER_BAMTOOLS:BAM_SORT_STATS_SAMTOOLS:SAMTOOLS_INDEX,803d0e8c1a4553fede95eeaa8fe124be,5138022,,3355443,52764672,1
NFCORE_CHIPSEQ:CHIPSEQ:MULTIQC_CUSTOM_PHANTOMPEAKQUALTOOLS,40ef948ac759b950b3c7e91f3555655a,6291456,,3565158,110821376,1
NFCORE_CHIPSEQ:CHIPSEQ:BAM_FILTER_BAMTOOLS:SAMTOOLS_SORT,d3d1bc2ce50f7957ea29bea2ae70519f,9017753,,3355443,74870784,2
NFCORE_CHIPSEQ:CHIPSEQ:BAM_MARKDUPLICATES_PICARD:BAM_STATS_SAMTOOLS:SAMTOOLS_STATS,6e93c0e18f58e8b039de0979c73cd39f,11114905,,3460300,49795072,2
NFCORE_CHIPSEQ:CHIPSEQ:BAM_MARKDUPLICATES_PICARD:BAM_STATS_SAMTOOLS:SAMTOOLS_FLAGSTAT,d50fc2aaff7d21236f76e968b86251e7,9122611,,3355443,48672768,1
NFCORE_CHIPSEQ:CHIPSEQ:BAM_FILTER_BAMTOOLS:BAM_SORT_STATS_SAMTOOLS:SAMTOOLS_SORT,0b552ca9390b2df386aa8e63ddb73f09,19818086,,3250585,114884608,2
NFCORE_CHIPSEQ:CHIPSEQ:BAM_FILTER_BAMTOOLS:BAM_SORT_STATS_SAMTOOLS:SAMTOOLS_SORT,155aede13081bcfc9605eaa4c898e765,14365491,,3355443,83087360,2
NFCORE_CHIPSEQ:CHIPSEQ:BAM_FILTER_BAMTOOLS:BAM_REMOVE_ORPHANS,b8fc66637d594872266a713184369cb2,11324620,,23592960,78110720,2
NFCORE_CHIPSEQ:CHIPSEQ:BAM_FILTER_BAMTOOLS:BAM_SORT_STATS_SAMTOOLS:SAMTOOLS_INDEX,3524f4420f51f427c77d7303662d3826,6186598,,3355443,49135616,1
NFCORE_CHIPSEQ:CHIPSEQ:BAM_FILTER_BAMTOOLS:BAM_SORT_STATS_SAMTOOLS:SAMTOOLS_INDEX,6bf28d7616f14bbb776731c0525ad2e0,9227468,,3355443,57786368,1
NFCORE_CHIPSEQ:CHIPSEQ:BAM_FILTER_BAMTOOLS:BAM_SORT_STATS_SAMTOOLS:SAMTOOLS_INDEX,245dd3eca4ce7676f4a619d75ee1b638,6186598,,3355443,48279552,1
NFCORE_CHIPSEQ:CHIPSEQ:PHANTOMPEAKQUALTOOLS,88897e84fea2bed1f2f48f96765d418b,50646220,,118174515,142356480,2
NFCORE_CHIPSEQ:CHIPSEQ:PHANTOMPEAKQUALTOOLS,74f91fe1b588551bba6b653289fc7a3e,83047219,,121005670,138989568,2
NFCORE_CHIPSEQ:CHIPSEQ:PHANTOMPEAKQUALTOOLS,e1f82aaaff0722819ff655ef0034bae7,59349401,,119327948,140595200,2
NFCORE_CHIPSEQ:CHIPSEQ:BAM_PEAKS_CALL_QC_ANNOTATE_MACS3_HOMER:MACS3_CALLPEAK,237f4d535e04277893b797d58deb604f,44774195,,93323264,170307584,4
NFCORE_CHIPSEQ:CHIPSEQ:PICARD_COLLECTMULTIPLEMETRICS,8fad5fd0c451d8686f7939207e4e4f95,86612377,,347707801,603537408,14
NFCORE_CHIPSEQ:CHIPSEQ:PICARD_COLLECTMULTIPLEMETRICS,acdb2eac67f312c5076ebf26f274e770,90701824,,362283008,611213312,14
NFCORE_CHIPSEQ:CHIPSEQ:PHANTOMPEAKQUALTOOLS,3638595f0574feba03ff9a843026d23b,59454259,,119747379,138592256,2
NFCORE_CHIPSEQ:CHIPSEQ:BAM_PEAKS_CALL_QC_ANNOTATE_MACS3_HOMER:MACS3_CALLPEAK,4531e19ae2ddfd9e5b642b310dcf3600,42467328,,94686412,170872832,4
NFCORE_CHIPSEQ:CHIPSEQ:PICARD_COLLECTMULTIPLEMETRICS,4b5e7f3104b3eb390b0f00b38e0ae559,87556096,,348127232,606412800,15
NFCORE_CHIPSEQ:CHIPSEQ:BAM_FILTER_BAMTOOLS:BAM_SORT_STATS_SAMTOOLS:SAMTOOLS_SORT,792827bde3e2778553e4bad0d7311a14,10276044,,3355443,75550720,1
NFCORE_CHIPSEQ:CHIPSEQ:MULTIQC_CUSTOM_PHANTOMPEAKQUALTOOLS,3cf2f56365407ba57cb8219b5d7b1472,6291456,,3355443,108843008,1
NFCORE_CHIPSEQ:CHIPSEQ:DEEPTOOLS_PLOTFINGERPRINT,19dad84031a15223fb9d52b221c5464c,270218035,,1288490188,1384689664,22
NFCORE_CHIPSEQ:CHIPSEQ:MULTIQC_CUSTOM_PHANTOMPEAKQUALTOOLS,9f69b853ca1c2fbf51203083f8e7c992,6291456,,3460300,110592000,2
NFCORE_CHIPSEQ:CHIPSEQ:BAM_PEAKS_CALL_QC_ANNOTATE_MACS3_HOMER:FRIP_SCORE,79366fde4a17bdaac5deda4793958359,21390950,,3355443,54763520,3
NFCORE_CHIPSEQ:CHIPSEQ:MULTIQC_CUSTOM_PHANTOMPEAKQUALTOOLS,9be874c687b04457c6e93492257c2a7c,6291456,,3460300,109441024,1
NFCORE_CHIPSEQ:CHIPSEQ:BAM_PEAKS_CALL_QC_ANNOTATE_MACS3_HOMER:FRIP_SCORE,450e571f0eab2c9949e336a820f9edfc,17720934,,10905190,52572160,3
NFCORE_CHIPSEQ:CHIPSEQ:DEEPTOOLS_PLOTFINGERPRINT,a16eedc6a9df64b0d2f0a0e1dc3d71f6,269169459,,1288490188,1385488384,22
NFCORE_CHIPSEQ:CHIPSEQ:MULTIQC_CUSTOM_PHANTOMPEAKQUALTOOLS,8787edf09db8829e0907a0b3a530bfb9,6291456,,3565158,109096960,2
NFCORE_CHIPSEQ:CHIPSEQ:DEEPTOOLS_PLOTFINGERPRINT,599f32b12dd4eccf0f0e4a37c69b109a,270218035,,1288490188,1382350848,23
NFCORE_CHIPSEQ:CHIPSEQ:BAM_FILTER_BAMTOOLS:BAM_SORT_STATS_SAMTOOLS:SAMTOOLS_INDEX,c08f193766d76533a84795546c277cb4,4508876,,3355443,53121024,1
NFCORE_CHIPSEQ:CHIPSEQ:BAM_PEAKS_CALL_QC_ANNOTATE_MACS3_HOMER:MACS3_CALLPEAK,ed8a7d52e449bc78a1921105aa2c578e,43935334,,94476697,170872832,5
NFCORE_CHIPSEQ:CHIPSEQ:BAM_PEAKS_CALL_QC_ANNOTATE_MACS3_HOMER:MULTIQC_CUSTOM_PEAKS,273d75b57fad36324ccab378346c6dfa,244121,,3145728,37281792,1
NFCORE_CHIPSEQ:CHIPSEQ:BAM_PEAKS_CALL_QC_ANNOTATE_MACS3_HOMER:MULTIQC_CUSTOM_PEAKS,1395b040a99125c4674ebbd767acf6d7,229683,,3040870,36397056,1
NFCORE_CHIPSEQ:CHIPSEQ:BAM_PEAKS_CALL_QC_ANNOTATE_MACS3_HOMER:MACS3_CALLPEAK,8c9eb36070a4c5e831bd6bcf3030ce1d,42152755,,92064972,167555072,4
NFCORE_CHIPSEQ:CHIPSEQ:PHANTOMPEAKQUALTOOLS,7241ca6b38a22d4acf614bc8eb343625,44354764,,111568486,140115968,2
NFCORE_CHIPSEQ:CHIPSEQ:BAM_FILTER_BAMTOOLS:BAM_SORT_STATS_SAMTOOLS:BAM_STATS_SAMTOOLS:SAMTOOLS_STATS,059a98e6d2908e90edb5b9f83055ec88,9542041,,3355443,48648192,1
NFCORE_CHIPSEQ:CHIPSEQ:BAM_FILTER_BAMTOOLS:BAM_SORT_STATS_SAMTOOLS:BAM_STATS_SAMTOOLS:SAMTOOLS_STATS,62259bc720d251397c0cc2e0fec6e877,5138022,,3460300,48525312,1
NFCORE_CHIPSEQ:CHIPSEQ:BAM_FILTER_BAMTOOLS:BAM_SORT_STATS_SAMTOOLS:BAM_STATS_SAMTOOLS:SAMTOOLS_STATS,ed05fa7d021664189f1993cc0f7fa085,6186598,,8074035,49659904,1
NFCORE_CHIPSEQ:CHIPSEQ:BAM_FILTER_BAMTOOLS:BAM_SORT_STATS_SAMTOOLS:BAM_STATS_SAMTOOLS:SAMTOOLS_STATS,53367ba418c217a4d056ab94908c9ac0,4508876,,3355443,50188288,2
NFCORE_CHIPSEQ:CHIPSEQ:BAM_PEAKS_CALL_QC_ANNOTATE_MACS3_HOMER:FRIP_SCORE,6ce30a47dbf3b49180028a69a52baef8,21181235,,3355443,54284288,3
NFCORE_CHIPSEQ:CHIPSEQ:MULTIQC_CUSTOM_PHANTOMPEAKQUALTOOLS,4cec8e8160d52f5f23c567cebfe5c6e4,6291456,,3460300,111648768,2
NFCORE_CHIPSEQ:CHIPSEQ:BAM_FILTER_BAMTOOLS:BAM_SORT_STATS_SAMTOOLS:BAM_STATS_SAMTOOLS:SAMTOOLS_FLAGSTAT,9093adc78b991a9f16642b0a1c8790f7,9542041,,3250585,49483776,1
NFCORE_CHIPSEQ:CHIPSEQ:PICARD_COLLECTMULTIPLEMETRICS,e7c4961d76a1a6c17c8bf2f9608c2b33,85878374,,351272960,600178688,15
NFCORE_CHIPSEQ:CHIPSEQ:BAM_FILTER_BAMTOOLS:BAM_SORT_STATS_SAMTOOLS:BAM_STATS_SAMTOOLS:SAMTOOLS_FLAGSTAT,55a22355cec8a561607029560531a360,5138022,,3355443,48766976,1
NFCORE_CHIPSEQ:CHIPSEQ:BAM_FILTER_BAMTOOLS:BAM_SORT_STATS_SAMTOOLS:BAM_STATS_SAMTOOLS:SAMTOOLS_IDXSTATS,666c227f22b780aae96ae5dc19217b8e,201932,,3355443,48988160,0
NFCORE_CHIPSEQ:CHIPSEQ:BAM_FILTER_BAMTOOLS:BAM_SORT_STATS_SAMTOOLS:BAM_STATS_SAMTOOLS:SAMTOOLS_IDXSTATS,292b317a2c44191ffc4a1796708b2e51,202342,,3355443,49328128,1
NFCORE_CHIPSEQ:CHIPSEQ:BAM_FILTER_BAMTOOLS:BAM_SORT_STATS_SAMTOOLS:BAM_STATS_SAMTOOLS:SAMTOOLS_FLAGSTAT,13dfa9f514665626186017d40b8bcb2a,9227468,,3250585,49004544,2
NFCORE_CHIPSEQ:CHIPSEQ:BAM_PEAKS_CALL_QC_ANNOTATE_MACS3_HOMER:HOMER_ANNOTATEPEAKS,6e778869c5de0b2d7ae1084ebc2265f2,57986252,,440401920,472887296,8
NFCORE_CHIPSEQ:CHIPSEQ:BAM_FILTER_BAMTOOLS:BAM_SORT_STATS_SAMTOOLS:BAM_STATS_SAMTOOLS:SAMTOOLS_FLAGSTAT,6cbc75298925399dfb7a41b313c3448a,6186598,,3355443,49381376,2
NFCORE_CHIPSEQ:CHIPSEQ:BAM_FILTER_BAMTOOLS:BAM_SORT_STATS_SAMTOOLS:BAM_STATS_SAMTOOLS:SAMTOOLS_IDXSTATS,e395e123bfb4547c91a15e256ed377ae,202547,,3250585,47980544,1
NFCORE_CHIPSEQ:CHIPSEQ:BAM_FILTER_BAMTOOLS:BAM_SORT_STATS_SAMTOOLS:BAM_STATS_SAMTOOLS:SAMTOOLS_IDXSTATS,0289728b0ea90c90df5b9dcb53565a65,202137,,3250585,50741248,1
NFCORE_CHIPSEQ:CHIPSEQ:BAM_FILTER_BAMTOOLS:BAM_SORT_STATS_SAMTOOLS:BAM_STATS_SAMTOOLS:SAMTOOLS_FLAGSTAT,b07e5b05da24ab36900a6082d0eef0b2,6186598,,3250585,49786880,1
NFCORE_CHIPSEQ:CHIPSEQ:BAM_FILTER_BAMTOOLS:BAM_SORT_STATS_SAMTOOLS:BAM_STATS_SAMTOOLS:SAMTOOLS_IDXSTATS,a22226a218ec28bee19f2d57b3ecf9a5,202547,,3355443,50462720,1
NFCORE_CHIPSEQ:CHIPSEQ:BAM_FILTER_BAMTOOLS:BAM_SORT_STATS_SAMTOOLS:BAM_STATS_SAMTOOLS:SAMTOOLS_IDXSTATS,d0354af87952858c1ee3833363d93d48,203366,,3355443,48979968,1
NFCORE_CHIPSEQ:CHIPSEQ:BAM_FILTER_BAMTOOLS:BAM_SORT_STATS_SAMTOOLS:BAM_STATS_SAMTOOLS:SAMTOOLS_FLAGSTAT,89079b136442b01ddefb6dbbff0b0a64,4508876,,3355443,48979968,1
NFCORE_CHIPSEQ:CHIPSEQ:BAM_PEAKS_CALL_QC_ANNOTATE_MACS3_HOMER:HOMER_ANNOTATEPEAKS,b6ce72aa38bdeb752e0a68f39f42ed2c,57986252,,439877632,472506368,9
NFCORE_CHIPSEQ:CHIPSEQ:BAM_FILTER_BAMTOOLS:BAM_SORT_STATS_SAMTOOLS:BAM_STATS_SAMTOOLS:SAMTOOLS_STATS,0961fc2414ab55a4bbb2a2cd805c2416,9227468,,3355443,49471488,1
NFCORE_CHIPSEQ:CHIPSEQ:BAM_FILTER_BAMTOOLS:BAM_SORT_STATS_SAMTOOLS:BAM_STATS_SAMTOOLS:SAMTOOLS_STATS,be73af58252639056927ca42be5b7388,6186598,,3460300,49582080,1
NFCORE_CHIPSEQ:CHIPSEQ:BAM_PEAKS_CALL_QC_ANNOTATE_MACS3_HOMER:FRIP_SCORE,37521e48182e6e82586aa1a554e652d3,15099494,,11010048,51175424,3
NFCORE_CHIPSEQ:CHIPSEQ:DEEPTOOLS_PLOTFINGERPRINT,6603c399304342c8472850acf53d286b,269169459,,1288490188,1381793792,23
NFCORE_CHIPSEQ:CHIPSEQ:BAM_BEDGRAPH_BIGWIG_BEDTOOLS_UCSC:BEDTOOLS_GENOMECOV,908bc78c3df27d23cc600fe8140a10cc,7025459,,2936012,55758848,8
NFCORE_CHIPSEQ:CHIPSEQ:BAM_BEDGRAPH_BIGWIG_BEDTOOLS_UCSC:BEDTOOLS_GENOMECOV,a8f0470ac06a80df97ddd8b6801cda4a,12687769,,12373196,68452352,12
NFCORE_CHIPSEQ:CHIPSEQ:BAM_BEDGRAPH_BIGWIG_BEDTOOLS_UCSC:BEDTOOLS_GENOMECOV,0922b28b6aaa8c2e13508c24312dc189,8493465,,2936012,64442368,9
NFCORE_CHIPSEQ:CHIPSEQ:BAM_BEDGRAPH_BIGWIG_BEDTOOLS_UCSC:BEDTOOLS_GENOMECOV,f49c4ebc7ab462b26acedd4d04d4380f,8493465,,2726297,58466304,8
NFCORE_CHIPSEQ:CHIPSEQ:BAM_BEDGRAPH_BIGWIG_BEDTOOLS_UCSC:BEDTOOLS_GENOMECOV,b094071f523a401b81ba57d9cc74b5bd,5976883,,2831155,56061952,6
NFCORE_CHIPSEQ:CHIPSEQ:BAM_PEAKS_CALL_QC_ANNOTATE_MACS3_HOMER:MULTIQC_CUSTOM_PEAKS,7912496f8e8eb18c95a0660912cb863c,195072,,3145728,37236736,1
NFCORE_CHIPSEQ:CHIPSEQ:BAM_BEDGRAPH_BIGWIG_BEDTOOLS_UCSC:UCSC_BEDGRAPHTOBIGWIG,e10d30c73556b3218a8725b3abe4902f,5872025,,3355443,45592576,2
NFCORE_CHIPSEQ:CHIPSEQ:BAM_BEDGRAPH_BIGWIG_BEDTOOLS_UCSC:UCSC_BEDGRAPHTOBIGWIG,dcf9d5ea00b86d544790ff46d8e4ffe9,10485760,,3145728,48160768,2
NFCORE_CHIPSEQ:CHIPSEQ:BAM_PEAKS_CALL_QC_ANNOTATE_MACS3_HOMER:HOMER_ANNOTATEPEAKS,71775330c3272889600dd6f80da7c1ab,57776537,,439458201,472473600,9
NFCORE_CHIPSEQ:CHIPSEQ:BAM_BEDGRAPH_BIGWIG_BEDTOOLS_UCSC:UCSC_BEDGRAPHTOBIGWIG,b0f6e0d4149e07cf565f5397df57dfa1,7235174,,3250585,43937792,1
NFCORE_CHIPSEQ:CHIPSEQ:BAM_BEDGRAPH_BIGWIG_BEDTOOLS_UCSC:UCSC_BEDGRAPHTOBIGWIG,b02cc82cfcddee4c37b0da3abf3a690c,7235174,,3355443,45174784,2
NFCORE_CHIPSEQ:CHIPSEQ:BAM_BEDGRAPH_BIGWIG_BEDTOOLS_UCSC:UCSC_BEDGRAPHTOBIGWIG,fed988636ae8007315f92f683ecd1ada,4823449,,3250585,44556288,2
NFCORE_CHIPSEQ:CHIPSEQ:BAM_PEAKS_CALL_QC_ANNOTATE_MACS3_HOMER:PLOT_MACS3_QC,bbb337c5ec765b94e2cfbd93edf84bed,16148070,,133274009,192311296,6
NFCORE_CHIPSEQ:PREPARE_GENOME:GTF2BED,9607b66852ab88ea37264dc2b2fe60b6,12268339,,2831155,55468032,2
NFCORE_CHIPSEQ:CHIPSEQ:FASTQ_FASTQC_UMITOOLS_TRIMGALORE:FASTQC,685715102077db06b81dc046126411a9,20761804,,379060224,428494848,10
NFCORE_CHIPSEQ:CHIPSEQ:DEEPTOOLS_COMPUTEMATRIX,3bdf2b31a9e4f7861f765b56b7428a23,258998272,,251343667,289337344,203
NFCORE_CHIPSEQ:CHIPSEQ:DEEPTOOLS_COMPUTEMATRIX,b7af6250afa8298ecd74f2582ea9c472,256691404,,244632780,288636928,205
NFCORE_CHIPSEQ:CHIPSEQ:DEEPTOOLS_COMPUTEMATRIX,c80f1625edaf64d7bc2c7c204369d18c,260361420,,247883366,287690752,201
NFCORE_CHIPSEQ:CHIPSEQ:BED_CONSENSUS_QUANTIFY_QC_BEDTOOLS_FEATURECOUNTS_DESEQ2:MACS3_CONSENSUS,38a4065ce55a2efda1992dc49b32eff5,13316915,,79062630,195006464,4
NFCORE_CHIPSEQ:CHIPSEQ:DEEPTOOLS_COMPUTEMATRIX,a9c2d358bd135540c7cbe038545c6d53,254489395,,241382195,288649216,202
NFCORE_CHIPSEQ:CHIPSEQ:DEEPTOOLS_PLOTHEATMAP,71660036908a6a65c42c0dcfab5b957e,278396928,,332503449,426315776,17
NFCORE_CHIPSEQ:CHIPSEQ:DEEPTOOLS_PLOTPROFILE,2d759513292ae91e9d3d5497ee1f77c2,187695104,,117859942,302927872,10
NFCORE_CHIPSEQ:CHIPSEQ:DEEPTOOLS_PLOTPROFILE,f38a23b1ea940a79624571a18bd594f7,190316544,,119013376,304005120,10
NFCORE_CHIPSEQ:CHIPSEQ:DEEPTOOLS_PLOTPROFILE,dde9649016fc366f8b63c8911fe93b1f,193776844,,119013376,303730688,10
NFCORE_CHIPSEQ:CHIPSEQ:BED_CONSENSUS_QUANTIFY_QC_BEDTOOLS_FEATURECOUNTS_DESEQ2:SUBREAD_FEATURECOUNTS,8e48ccf384b129b543557c944f45ec27,61656268,,33239859,59187200,3
NFCORE_CHIPSEQ:CHIPSEQ:DEEPTOOLS_PLOTHEATMAP,5f3d84ebc0b58dec15fde7e0b289057b,265918873,,292447846,451379200,17
NFCORE_CHIPSEQ:CHIPSEQ:DEEPTOOLS_PLOTHEATMAP,cac804ce9d2c010381232d7f5028601f,292657561,,332188876,426270720,17
NFCORE_CHIPSEQ:CHIPSEQ:DEEPTOOLS_PLOTHEATMAP,70d3b5e5b4730eaee062899f802c2f09,282486374,,332503449,428101632,17
NFCORE_CHIPSEQ:CHIPSEQ:BED_CONSENSUS_QUANTIFY_QC_BEDTOOLS_FEATURECOUNTS_DESEQ2:HOMER_ANNOTATEPEAKS,a44f008f6787f960ebb56ccb2eced33e,58091110,,441660211,474279936,8
NFCORE_CHIPSEQ:CHIPSEQ:BED_CONSENSUS_QUANTIFY_QC_BEDTOOLS_FEATURECOUNTS_DESEQ2:ANNOTATE_BOOLEAN_PEAKS,7d8fd7c034b0ba9ed1b07f3dd87df91b,1363148,,3040870,37199872,1
NFCORE_CHIPSEQ:CHIPSEQ:DEEPTOOLS_PLOTPROFILE,115b755ea89d34d48488bf457d13d38d,193776844,,119537664,303382528,9
NFCORE_CHIPSEQ:CHIPSEQ:BED_CONSENSUS_QUANTIFY_QC_BEDTOOLS_FEATURECOUNTS_DESEQ2:DESEQ2_QC,6466238b0ce01e44d1883bdba6054e3c,76860620,,715233689,808968192,21
NFCORE_CHIPSEQ:CHIPSEQ:BAM_PEAKS_CALL_QC_ANNOTATE_MACS3_HOMER:MULTIQC_CUSTOM_PEAKS,d8febf5be1fee33e1717ac817cb17c6c,215756,,3040870,35848192,1
NFCORE_CHIPSEQ:CHIPSEQ:BAM_BEDGRAPH_BIGWIG_BEDTOOLS_UCSC:BEDTOOLS_GENOMECOV,fdaf91e7ea0a68d4b03b7b84611433eb,13107200,,12582912,68706304,12
NFCORE_CHIPSEQ:CHIPSEQ:BAM_BEDGRAPH_BIGWIG_BEDTOOLS_UCSC:UCSC_BEDGRAPHTOBIGWIG,e8539f8b239aded6c493ee7ace3cf543,10800332,,3250585,48349184,2
NFCORE_CHIPSEQ:CHIPSEQ:IGV,22c144bce02d8589526da021909ee644,709939,,2726297,42426368,2
NFCORE_CHIPSEQ:CHIPSEQ:DEEPTOOLS_COMPUTEMATRIX,ba096fdfc63ed29aab77636b6481793d,251658240,,249770803,287916032,202
NFCORE_CHIPSEQ:CHIPSEQ:DEEPTOOLS_PLOTPROFILE,4ad9eac9880c1aac8ddacf22e46ab156,210029772,,117755084,161865728,4
NFCORE_CHIPSEQ:CHIPSEQ:DEEPTOOLS_PLOTHEATMAP,34fe076764a47645fec1d7b60f900ed5,264346009,,263297433,161595392,4
NFCORE_CHIPSEQ:CHIPSEQ:BAM_PEAKS_CALL_QC_ANNOTATE_MACS3_HOMER:HOMER_ANNOTATEPEAKS,35ecfb99052fba5c4acfda04e838a486,57881395,,439667916,471576576,8
NFCORE_CHIPSEQ:CHIPSEQ:BAM_PEAKS_CALL_QC_ANNOTATE_MACS3_HOMER:PLOT_HOMER_ANNOTATEPEAKS,cac7903124f0a79cb46e677cccdc2a68,16777216,,99405004,188764160,5
NFCORE_CHIPSEQ:CHIPSEQ:DEEPTOOLS_COMPUTEMATRIX,a38a40b7b749e07b47f6b11c4d4f6568,270322892,,246205644,288002048,207
NFCORE_CHIPSEQ:CHIPSEQ:DEEPTOOLS_PLOTPROFILE,edef193ebadcca33e3dbb06ca1c435fb,192099123,,119537664,303624192,10
NFCORE_CHIPSEQ:CHIPSEQ:DEEPTOOLS_PLOTHEATMAP,9d527f7a4fdc9d88d2279e3aba2dfd64,290665267,,293076992,428314624,16
NFCORE_CHIPSEQ:CHIPSEQ:MULTIQC,38800b24332c1be4a830dd8dea75777f,176894771,,855742873,762617856,100
