sample,cycle_number,image_tiles
PUBLIC_0001,1,/shared/mcmicro/public_data/cycif_5k/cycif-tonsil-cycle1.ome.tif
PUBLIC_0001,2,/shared/mcmicro/public_data/cycif_5k/cycif-tonsil-cycle2.ome.tif
PUBLIC_0002,1,/shared/mcmicro/public_data/cycif_5k/cycif-tonsil-cycle1.ome.tif
PUBLIC_0002,2,/shared/mcmicro/public_data/cycif_5k/cycif-tonsil-cycle2.ome.tif
PUBLIC_0003,1,/shared/mcmicro/public_data/cycif_5k/cycif-tonsil-cycle1.ome.tif
PUBLIC_0003,2,/shared/mcmicro/public_data/cycif_5k/cycif-tonsil-cycle2.ome.tif
PUBLIC_0004,1,/shared/mcmicro/public_data/cycif_5k/cycif-tonsil-cycle1.ome.tif
PUBLIC_0004,2,/shared/mcmicro/public_data/cycif_5k/cycif-tonsil-cycle2.ome.tif
PUBLIC_0005,1,/shared/mcmicro/public_data/cycif_5k/cycif-tonsil-cycle1.ome.tif
PUBLIC_0005,2,/shared/mcmicro/public_data/cycif_5k/cycif-tonsil-cycle2.ome.tif
PUBLIC_0006,1,/shared/mcmicro/public_data/cycif_5k/cycif-tonsil-cycle1.ome.tif
PUBLIC_0006,2,/shared/mcmicro/public_data/cycif_5k/cycif-tonsil-cycle2.ome.tif
PUBLIC_0007,1,/shared/mcmicro/public_data/cycif_5k/cycif-tonsil-cycle1.ome.tif
PUBLIC_0007,2,/shared/mcmicro/public_data/cycif_5k/cycif-tonsil-cycle2.ome.tif
PUBLIC_0008,1,/shared/mcmicro/public_data/cycif_5k/cycif-tonsil-cycle1.ome.tif
PUBLIC_0008,2,/shared/mcmicro/public_data/cycif_5k/cycif-tonsil-cycle2.ome.tif
PUBLIC_0009,1,/shared/mcmicro/public_data/cycif_5k/cycif-tonsil-cycle1.ome.tif
PUBLIC_0009,2,/shared/mcmicro/public_data/cycif_5k/cycif-tonsil-cycle2.ome.tif
PUBLIC_0010,1,/shared/mcmicro/public_data/cycif_5k/cycif-tonsil-cycle1.ome.tif
PUBLIC_0010,2,/shared/mcmicro/public_data/cycif_5k/cycif-tonsil-cycle2.ome.tif
PUBLIC_0011,1,/shared/mcmicro/public_data/cycif_5k/cycif-tonsil-cycle1.ome.tif
PUBLIC_0011,2,/shared/mcmicro/public_data/cycif_5k/cycif-tonsil-cycle2.ome.tif
PUBLIC_0012,1,/shared/mcmicro/public_data/cycif_5k/cycif-tonsil-cycle1.ome.tif
PUBLIC_0012,2,/shared/mcmicro/public_data/cycif_5k/cycif-tonsil-cycle2.ome.tif
PUBLIC_0013,1,/shared/mcmicro/public_data/cycif_5k/cycif-tonsil-cycle1.ome.tif
PUBLIC_0013,2,/shared/mcmicro/public_data/cycif_5k/cycif-tonsil-cycle2.ome.tif
PUBLIC_0014,1,/shared/mcmicro/public_data/cycif_5k/cycif-tonsil-cycle1.ome.tif
PUBLIC_0014,2,/shared/mcmicro/public_data/cycif_5k/cycif-tonsil-cycle2.ome.tif
PUBLIC_0015,1,/shared/mcmicro/public_data/cycif_5k/cycif-tonsil-cycle1.ome.tif
PUBLIC_0015,2,/shared/mcmicro/public_data/cycif_5k/cycif-tonsil-cycle2.ome.tif
PUBLIC_0016,1,/shared/mcmicro/public_data/cycif_5k/cycif-tonsil-cycle1.ome.tif
PUBLIC_0016,2,/shared/mcmicro/public_data/cycif_5k/cycif-tonsil-cycle2.ome.tif
PUBLIC_0017,1,/shared/mcmicro/public_data/cycif_5k/cycif-tonsil-cycle1.ome.tif
PUBLIC_0017,2,/shared/mcmicro/public_data/cycif_5k/cycif-tonsil-cycle2.ome.tif
PUBLIC_0018,1,/shared/mcmicro/public_data/cycif_5k/cycif-tonsil-cycle1.ome.tif
PUBLIC_0018,2,/shared/mcmicro/public_data/cycif_5k/cycif-tonsil-cycle2.ome.tif
PUBLIC_0019,1,/shared/mcmicro/public_data/cycif_5k/cycif-tonsil-cycle1.ome.tif
PUBLIC_0019,2,/shared/mcmicro/public_data/cycif_5k/cycif-tonsil-cycle2.ome.tif
PUBLIC_0020,1,/shared/mcmicro/public_data/cycif_5k/cycif-tonsil-cycle1.ome.tif
PUBLIC_0020,2,/shared/mcmicro/public_data/cycif_5k/cycif-tonsil-cycle2.ome.tif
PUBLIC_0021,1,/shared/mcmicro/public_data/cycif_5k/cycif-tonsil-cycle1.ome.tif
PUBLIC_0021,2,/shared/mcmicro/public_data/cycif_5k/cycif-tonsil-cycle2.ome.tif
PUBLIC_0022,1,/shared/mcmicro/public_data/cycif_5k/cycif-tonsil-cycle1.ome.tif
PUBLIC_0022,2,/shared/mcmicro/public_data/cycif_5k/cycif-tonsil-cycle2.ome.tif
PUBLIC_0023,1,/shared/mcmicro/public_data/cycif_5k/cycif-tonsil-cycle1.ome.tif
PUBLIC_0023,2,/shared/mcmicro/public_data/cycif_5k/cycif-tonsil-cycle2.ome.tif
PUBLIC_0024,1,/shared/mcmicro/public_data/cycif_5k/cycif-tonsil-cycle1.ome.tif
PUBLIC_0024,2,/shared/mcmicro/public_data/cycif_5k/cycif-tonsil-cycle2.ome.tif
PUBLIC_0025,1,/shared/mcmicro/public_data/cycif_5k/cycif-tonsil-cycle1.ome.tif
PUBLIC_0025,2,/shared/mcmicro/public_data/cycif_5k/cycif-tonsil-cycle2.ome.tif
PUBLIC_0026,1,/shared/mcmicro/public_data/cycif_5k/cycif-tonsil-cycle1.ome.tif
PUBLIC_0026,2,/shared/mcmicro/public_data/cycif_5k/cycif-tonsil-cycle2.ome.tif
PUBLIC_0027,1,/shared/mcmicro/public_data/cycif_5k/cycif-tonsil-cycle1.ome.tif
PUBLIC_0027,2,/shared/mcmicro/public_data/cycif_5k/cycif-tonsil-cycle2.ome.tif
PUBLIC_0028,1,/shared/mcmicro/public_data/cycif_5k/cycif-tonsil-cycle1.ome.tif
PUBLIC_0028,2,/shared/mcmicro/public_data/cycif_5k/cycif-tonsil-cycle2.ome.tif
PUBLIC_0029,1,/shared/mcmicro/public_data/cycif_5k/cycif-tonsil-cycle1.ome.tif
PUBLIC_0029,2,/shared/mcmicro/public_data/cycif_5k/cycif-tonsil-cycle2.ome.tif
PUBLIC_0030,1,/shared/mcmicro/public_data/cycif_5k/cycif-tonsil-cycle1.ome.tif
PUBLIC_0030,2,/shared/mcmicro/public_data/cycif_5k/cycif-tonsil-cycle2.ome.tif
PUBLIC_0031,1,/shared/mcmicro/public_data/cycif_5k/cycif-tonsil-cycle1.ome.tif
PUBLIC_0031,2,/shared/mcmicro/public_data/cycif_5k/cycif-tonsil-cycle2.ome.tif
PUBLIC_0032,1,/shared/mcmicro/public_data/cycif_5k/cycif-tonsil-cycle1.ome.tif
PUBLIC_0032,2,/shared/mcmicro/public_data/cycif_5k/cycif-tonsil-cycle2.ome.tif
PUBLIC_0033,1,/shared/mcmicro/public_data/cycif_5k/cycif-tonsil-cycle1.ome.tif
PUBLIC_0033,2,/shared/mcmicro/public_data/cycif_5k/cycif-tonsil-cycle2.ome.tif
PUBLIC_0034,1,/shared/mcmicro/public_data/cycif_5k/cycif-tonsil-cycle1.ome.tif
PUBLIC_0034,2,/shared/mcmicro/public_data/cycif_5k/cycif-tonsil-cycle2.ome.tif
PUBLIC_0035,1,/shared/mcmicro/public_data/cycif_5k/cycif-tonsil-cycle1.ome.tif
PUBLIC_0035,2,/shared/mcmicro/public_data/cycif_5k/cycif-tonsil-cycle2.ome.tif
PUBLIC_0036,1,/shared/mcmicro/public_data/cycif_5k/cycif-tonsil-cycle1.ome.tif
PUBLIC_0036,2,/shared/mcmicro/public_data/cycif_5k/cycif-tonsil-cycle2.ome.tif
PUBLIC_0037,1,/shared/mcmicro/public_data/cycif_5k/cycif-tonsil-cycle1.ome.tif
PUBLIC_0037,2,/shared/mcmicro/public_data/cycif_5k/cycif-tonsil-cycle2.ome.tif
PUBLIC_0038,1,/shared/mcmicro/public_data/cycif_5k/cycif-tonsil-cycle1.ome.tif
PUBLIC_0038,2,/shared/mcmicro/public_data/cycif_5k/cycif-tonsil-cycle2.ome.tif
PUBLIC_0039,1,/shared/mcmicro/public_data/cycif_5k/cycif-tonsil-cycle1.ome.tif
PUBLIC_0039,2,/shared/mcmicro/public_data/cycif_5k/cycif-tonsil-cycle2.ome.tif
PUBLIC_0040,1,/shared/mcmicro/public_data/cycif_5k/cycif-tonsil-cycle1.ome.tif
PUBLIC_0040,2,/shared/mcmicro/public_data/cycif_5k/cycif-tonsil-cycle2.ome.tif
PUBLIC_0041,1,/shared/mcmicro/public_data/cycif_5k/cycif-tonsil-cycle1.ome.tif
PUBLIC_0041,2,/shared/mcmicro/public_data/cycif_5k/cycif-tonsil-cycle2.ome.tif
PUBLIC_0042,1,/shared/mcmicro/public_data/cycif_5k/cycif-tonsil-cycle1.ome.tif
PUBLIC_0042,2,/shared/mcmicro/public_data/cycif_5k/cycif-tonsil-cycle2.ome.tif
PUBLIC_0043,1,/shared/mcmicro/public_data/cycif_5k/cycif-tonsil-cycle1.ome.tif
PUBLIC_0043,2,/shared/mcmicro/public_data/cycif_5k/cycif-tonsil-cycle2.ome.tif
PUBLIC_0044,1,/shared/mcmicro/public_data/cycif_5k/cycif-tonsil-cycle1.ome.tif
PUBLIC_0044,2,/shared/mcmicro/public_data/cycif_5k/cycif-tonsil-cycle2.ome.tif
PUBLIC_0045,1,/shared/mcmicro/public_data/cycif_5k/cycif-tonsil-cycle1.ome.tif
PUBLIC_0045,2,/shared/mcmicro/public_data/cycif_5k/cycif-tonsil-cycle2.ome.tif
PUBLIC_0046,1,/shared/mcmicro/public_data/cycif_5k/cycif-tonsil-cycle1.ome.tif
PUBLIC_0046,2,/shared/mcmicro/public_data/cycif_5k/cycif-tonsil-cycle2.ome.tif
PUBLIC_0047,1,/shared/mcmicro/public_data/cycif_5k/cycif-tonsil-cycle1.ome.tif
PUBLIC_0047,2,/shared/mcmicro/public_data/cycif_5k/cycif-tonsil-cycle2.ome.tif
PUBLIC_0048,1,/shared/mcmicro/public_data/cycif_5k/cycif-tonsil-cycle1.ome.tif
PUBLIC_0048,2,/shared/mcmicro/public_data/cycif_5k/cycif-tonsil-cycle2.ome.tif
PUBLIC_0049,1,/shared/mcmicro/public_data/cycif_5k/cycif-tonsil-cycle1.ome.tif
PUBLIC_0049,2,/shared/mcmicro/public_data/cycif_5k/cycif-tonsil-cycle2.ome.tif
PUBLIC_0050,1,/shared/mcmicro/public_data/cycif_5k/cycif-tonsil-cycle1.ome.tif
PUBLIC_0050,2,/shared/mcmicro/public_data/cycif_5k/cycif-tonsil-cycle2.ome.tif
PUBLIC_0051,1,/shared/mcmicro/public_data/cycif_5k/cycif-tonsil-cycle1.ome.tif
PUBLIC_0051,2,/shared/mcmicro/public_data/cycif_5k/cycif-tonsil-cycle2.ome.tif
PUBLIC_0052,1,/shared/mcmicro/public_data/cycif_5k/cycif-tonsil-cycle1.ome.tif
PUBLIC_0052,2,/shared/mcmicro/public_data/cycif_5k/cycif-tonsil-cycle2.ome.tif
PUBLIC_0053,1,/shared/mcmicro/public_data/cycif_5k/cycif-tonsil-cycle1.ome.tif
PUBLIC_0053,2,/shared/mcmicro/public_data/cycif_5k/cycif-tonsil-cycle2.ome.tif
PUBLIC_0054,1,/shared/mcmicro/public_data/cycif_5k/cycif-tonsil-cycle1.ome.tif
PUBLIC_0054,2,/shared/mcmicro/public_data/cycif_5k/cycif-tonsil-cycle2.ome.tif
PUBLIC_0055,1,/shared/mcmicro/public_data/cycif_5k/cycif-tonsil-cycle1.ome.tif
PUBLIC_0055,2,/shared/mcmicro/public_data/cycif_5k/cycif-tonsil-cycle2.ome.tif
PUBLIC_0056,1,/shared/mcmicro/public_data/cycif_5k/cycif-tonsil-cycle1.ome.tif
PUBLIC_0056,2,/shared/mcmicro/public_data/cycif_5k/cycif-tonsil-cycle2.ome.tif
PUBLIC_0057,1,/shared/mcmicro/public_data/cycif_5k/cycif-tonsil-cycle1.ome.tif
PUBLIC_0057,2,/shared/mcmicro/public_data/cycif_5k/cycif-tonsil-cycle2.ome.tif
PUBLIC_0058,1,/shared/mcmicro/public_data/cycif_5k/cycif-tonsil-cycle1.ome.tif
PUBLIC_0058,2,/shared/mcmicro/public_data/cycif_5k/cycif-tonsil-cycle2.ome.tif
PUBLIC_0059,1,/shared/mcmicro/public_data/cycif_5k/cycif-tonsil-cycle1.ome.tif
PUBLIC_0059,2,/shared/mcmicro/public_data/cycif_5k/cycif-tonsil-cycle2.ome.tif
PUBLIC_0060,1,/shared/mcmicro/public_data/cycif_5k/cycif-tonsil-cycle1.ome.tif
PUBLIC_0060,2,/shared/mcmicro/public_data/cycif_5k/cycif-tonsil-cycle2.ome.tif
PUBLIC_0061,1,/shared/mcmicro/public_data/cycif_5k/cycif-tonsil-cycle1.ome.tif
PUBLIC_0061,2,/shared/mcmicro/public_data/cycif_5k/cycif-tonsil-cycle2.ome.tif
PUBLIC_0062,1,/shared/mcmicro/public_data/cycif_5k/cycif-tonsil-cycle1.ome.tif
PUBLIC_0062,2,/shared/mcmicro/public_data/cycif_5k/cycif-tonsil-cycle2.ome.tif
PUBLIC_0063,1,/shared/mcmicro/public_data/cycif_5k/cycif-tonsil-cycle1.ome.tif
PUBLIC_0063,2,/shared/mcmicro/public_data/cycif_5k/cycif-tonsil-cycle2.ome.tif
PUBLIC_0064,1,/shared/mcmicro/public_data/cycif_5k/cycif-tonsil-cycle1.ome.tif
PUBLIC_0064,2,/shared/mcmicro/public_data/cycif_5k/cycif-tonsil-cycle2.ome.tif
PUBLIC_0065,1,/shared/mcmicro/public_data/cycif_5k/cycif-tonsil-cycle1.ome.tif
PUBLIC_0065,2,/shared/mcmicro/public_data/cycif_5k/cycif-tonsil-cycle2.ome.tif
PUBLIC_0066,1,/shared/mcmicro/public_data/cycif_5k/cycif-tonsil-cycle1.ome.tif
PUBLIC_0066,2,/shared/mcmicro/public_data/cycif_5k/cycif-tonsil-cycle2.ome.tif
PUBLIC_0067,1,/shared/mcmicro/public_data/cycif_5k/cycif-tonsil-cycle1.ome.tif
PUBLIC_0067,2,/shared/mcmicro/public_data/cycif_5k/cycif-tonsil-cycle2.ome.tif
PUBLIC_0068,1,/shared/mcmicro/public_data/cycif_5k/cycif-tonsil-cycle1.ome.tif
PUBLIC_0068,2,/shared/mcmicro/public_data/cycif_5k/cycif-tonsil-cycle2.ome.tif
PUBLIC_0069,1,/shared/mcmicro/public_data/cycif_5k/cycif-tonsil-cycle1.ome.tif
PUBLIC_0069,2,/shared/mcmicro/public_data/cycif_5k/cycif-tonsil-cycle2.ome.tif
PUBLIC_0070,1,/shared/mcmicro/public_data/cycif_5k/cycif-tonsil-cycle1.ome.tif
PUBLIC_0070,2,/shared/mcmicro/public_data/cycif_5k/cycif-tonsil-cycle2.ome.tif
PUBLIC_0071,1,/shared/mcmicro/public_data/cycif_5k/cycif-tonsil-cycle1.ome.tif
PUBLIC_0071,2,/shared/mcmicro/public_data/cycif_5k/cycif-tonsil-cycle2.ome.tif
PUBLIC_0072,1,/shared/mcmicro/public_data/cycif_5k/cycif-tonsil-cycle1.ome.tif
PUBLIC_0072,2,/shared/mcmicro/public_data/cycif_5k/cycif-tonsil-cycle2.ome.tif
PUBLIC_0073,1,/shared/mcmicro/public_data/cycif_5k/cycif-tonsil-cycle1.ome.tif
PUBLIC_0073,2,/shared/mcmicro/public_data/cycif_5k/cycif-tonsil-cycle2.ome.tif
PUBLIC_0074,1,/shared/mcmicro/public_data/cycif_5k/cycif-tonsil-cycle1.ome.tif
PUBLIC_0074,2,/shared/mcmicro/public_data/cycif_5k/cycif-tonsil-cycle2.ome.tif
PUBLIC_0075,1,/shared/mcmicro/public_data/cycif_5k/cycif-tonsil-cycle1.ome.tif
PUBLIC_0075,2,/shared/mcmicro/public_data/cycif_5k/cycif-tonsil-cycle2.ome.tif
PUBLIC_0076,1,/shared/mcmicro/public_data/cycif_5k/cycif-tonsil-cycle1.ome.tif
PUBLIC_0076,2,/shared/mcmicro/public_data/cycif_5k/cycif-tonsil-cycle2.ome.tif
PUBLIC_0077,1,/shared/mcmicro/public_data/cycif_5k/cycif-tonsil-cycle1.ome.tif
PUBLIC_0077,2,/shared/mcmicro/public_data/cycif_5k/cycif-tonsil-cycle2.ome.tif
PUBLIC_0078,1,/shared/mcmicro/public_data/cycif_5k/cycif-tonsil-cycle1.ome.tif
PUBLIC_0078,2,/shared/mcmicro/public_data/cycif_5k/cycif-tonsil-cycle2.ome.tif
PUBLIC_0079,1,/shared/mcmicro/public_data/cycif_5k/cycif-tonsil-cycle1.ome.tif
PUBLIC_0079,2,/shared/mcmicro/public_data/cycif_5k/cycif-tonsil-cycle2.ome.tif
PUBLIC_0080,1,/shared/mcmicro/public_data/cycif_5k/cycif-tonsil-cycle1.ome.tif
PUBLIC_0080,2,/shared/mcmicro/public_data/cycif_5k/cycif-tonsil-cycle2.ome.tif
PUBLIC_0081,1,/shared/mcmicro/public_data/cycif_5k/cycif-tonsil-cycle1.ome.tif
PUBLIC_0081,2,/shared/mcmicro/public_data/cycif_5k/cycif-tonsil-cycle2.ome.tif
PUBLIC_0082,1,/shared/mcmicro/public_data/cycif_5k/cycif-tonsil-cycle1.ome.tif
PUBLIC_0082,2,/shared/mcmicro/public_data/cycif_5k/cycif-tonsil-cycle2.ome.tif
PUBLIC_0083,1,/shared/mcmicro/public_data/cycif_5k/cycif-tonsil-cycle1.ome.tif
PUBLIC_0083,2,/shared/mcmicro/public_data/cycif_5k/cycif-tonsil-cycle2.ome.tif
PUBLIC_0084,1,/shared/mcmicro/public_data/cycif_5k/cycif-tonsil-cycle1.ome.tif
PUBLIC_0084,2,/shared/mcmicro/public_data/cycif_5k/cycif-tonsil-cycle2.ome.tif
PUBLIC_0085,1,/shared/mcmicro/public_data/cycif_5k/cycif-tonsil-cycle1.ome.tif
PUBLIC_0085,2,/shared/mcmicro/public_data/cycif_5k/cycif-tonsil-cycle2.ome.tif
PUBLIC_0086,1,/shared/mcmicro/public_data/cycif_5k/cycif-tonsil-cycle1.ome.tif
PUBLIC_0086,2,/shared/mcmicro/public_data/cycif_5k/cycif-tonsil-cycle2.ome.tif
PUBLIC_0087,1,/shared/mcmicro/public_data/cycif_5k/cycif-tonsil-cycle1.ome.tif
PUBLIC_0087,2,/shared/mcmicro/public_data/cycif_5k/cycif-tonsil-cycle2.ome.tif
PUBLIC_0088,1,/shared/mcmicro/public_data/cycif_5k/cycif-tonsil-cycle1.ome.tif
PUBLIC_0088,2,/shared/mcmicro/public_data/cycif_5k/cycif-tonsil-cycle2.ome.tif
PUBLIC_0089,1,/shared/mcmicro/public_data/cycif_5k/cycif-tonsil-cycle1.ome.tif
PUBLIC_0089,2,/shared/mcmicro/public_data/cycif_5k/cycif-tonsil-cycle2.ome.tif
PUBLIC_0090,1,/shared/mcmicro/public_data/cycif_5k/cycif-tonsil-cycle1.ome.tif
PUBLIC_0090,2,/shared/mcmicro/public_data/cycif_5k/cycif-tonsil-cycle2.ome.tif
PUBLIC_0091,1,/shared/mcmicro/public_data/cycif_5k/cycif-tonsil-cycle1.ome.tif
PUBLIC_0091,2,/shared/mcmicro/public_data/cycif_5k/cycif-tonsil-cycle2.ome.tif
PUBLIC_0092,1,/shared/mcmicro/public_data/cycif_5k/cycif-tonsil-cycle1.ome.tif
PUBLIC_0092,2,/shared/mcmicro/public_data/cycif_5k/cycif-tonsil-cycle2.ome.tif
PUBLIC_0093,1,/shared/mcmicro/public_data/cycif_5k/cycif-tonsil-cycle1.ome.tif
PUBLIC_0093,2,/shared/mcmicro/public_data/cycif_5k/cycif-tonsil-cycle2.ome.tif
PUBLIC_0094,1,/shared/mcmicro/public_data/cycif_5k/cycif-tonsil-cycle1.ome.tif
PUBLIC_0094,2,/shared/mcmicro/public_data/cycif_5k/cycif-tonsil-cycle2.ome.tif
PUBLIC_0095,1,/shared/mcmicro/public_data/cycif_5k/cycif-tonsil-cycle1.ome.tif
PUBLIC_0095,2,/shared/mcmicro/public_data/cycif_5k/cycif-tonsil-cycle2.ome.tif
PUBLIC_0096,1,/shared/mcmicro/public_data/cycif_5k/cycif-tonsil-cycle1.ome.tif
PUBLIC_0096,2,/shared/mcmicro/public_data/cycif_5k/cycif-tonsil-cycle2.ome.tif
PUBLIC_0097,1,/shared/mcmicro/public_data/cycif_5k/cycif-tonsil-cycle1.ome.tif
PUBLIC_0097,2,/shared/mcmicro/public_data/cycif_5k/cycif-tonsil-cycle2.ome.tif
PUBLIC_0098,1,/shared/mcmicro/public_data/cycif_5k/cycif-tonsil-cycle1.ome.tif
PUBLIC_0098,2,/shared/mcmicro/public_data/cycif_5k/cycif-tonsil-cycle2.ome.tif
PUBLIC_0099,1,/shared/mcmicro/public_data/cycif_5k/cycif-tonsil-cycle1.ome.tif
PUBLIC_0099,2,/shared/mcmicro/public_data/cycif_5k/cycif-tonsil-cycle2.ome.tif
PUBLIC_0100,1,/shared/mcmicro/public_data/cycif_5k/cycif-tonsil-cycle1.ome.tif
PUBLIC_0100,2,/shared/mcmicro/public_data/cycif_5k/cycif-tonsil-cycle2.ome.tif
PUBLIC_0101,1,/shared/mcmicro/public_data/cycif_5k/cycif-tonsil-cycle1.ome.tif
PUBLIC_0101,2,/shared/mcmicro/public_data/cycif_5k/cycif-tonsil-cycle2.ome.tif
PUBLIC_0102,1,/shared/mcmicro/public_data/cycif_5k/cycif-tonsil-cycle1.ome.tif
PUBLIC_0102,2,/shared/mcmicro/public_data/cycif_5k/cycif-tonsil-cycle2.ome.tif
PUBLIC_0103,1,/shared/mcmicro/public_data/cycif_5k/cycif-tonsil-cycle1.ome.tif
PUBLIC_0103,2,/shared/mcmicro/public_data/cycif_5k/cycif-tonsil-cycle2.ome.tif
PUBLIC_0104,1,/shared/mcmicro/public_data/cycif_5k/cycif-tonsil-cycle1.ome.tif
PUBLIC_0104,2,/shared/mcmicro/public_data/cycif_5k/cycif-tonsil-cycle2.ome.tif
PUBLIC_0105,1,/shared/mcmicro/public_data/cycif_5k/cycif-tonsil-cycle1.ome.tif
PUBLIC_0105,2,/shared/mcmicro/public_data/cycif_5k/cycif-tonsil-cycle2.ome.tif
PUBLIC_0106,1,/shared/mcmicro/public_data/cycif_5k/cycif-tonsil-cycle1.ome.tif
PUBLIC_0106,2,/shared/mcmicro/public_data/cycif_5k/cycif-tonsil-cycle2.ome.tif
PUBLIC_0107,1,/shared/mcmicro/public_data/cycif_5k/cycif-tonsil-cycle1.ome.tif
PUBLIC_0107,2,/shared/mcmicro/public_data/cycif_5k/cycif-tonsil-cycle2.ome.tif
PUBLIC_0108,1,/shared/mcmicro/public_data/cycif_5k/cycif-tonsil-cycle1.ome.tif
PUBLIC_0108,2,/shared/mcmicro/public_data/cycif_5k/cycif-tonsil-cycle2.ome.tif
PUBLIC_0109,1,/shared/mcmicro/public_data/cycif_5k/cycif-tonsil-cycle1.ome.tif
PUBLIC_0109,2,/shared/mcmicro/public_data/cycif_5k/cycif-tonsil-cycle2.ome.tif
PUBLIC_0110,1,/shared/mcmicro/public_data/cycif_5k/cycif-tonsil-cycle1.ome.tif
PUBLIC_0110,2,/shared/mcmicro/public_data/cycif_5k/cycif-tonsil-cycle2.ome.tif
PUBLIC_0111,1,/shared/mcmicro/public_data/cycif_5k/cycif-tonsil-cycle1.ome.tif
PUBLIC_0111,2,/shared/mcmicro/public_data/cycif_5k/cycif-tonsil-cycle2.ome.tif
PUBLIC_0112,1,/shared/mcmicro/public_data/cycif_5k/cycif-tonsil-cycle1.ome.tif
PUBLIC_0112,2,/shared/mcmicro/public_data/cycif_5k/cycif-tonsil-cycle2.ome.tif
PUBLIC_0113,1,/shared/mcmicro/public_data/cycif_5k/cycif-tonsil-cycle1.ome.tif
PUBLIC_0113,2,/shared/mcmicro/public_data/cycif_5k/cycif-tonsil-cycle2.ome.tif
PUBLIC_0114,1,/shared/mcmicro/public_data/cycif_5k/cycif-tonsil-cycle1.ome.tif
PUBLIC_0114,2,/shared/mcmicro/public_data/cycif_5k/cycif-tonsil-cycle2.ome.tif
PUBLIC_0115,1,/shared/mcmicro/public_data/cycif_5k/cycif-tonsil-cycle1.ome.tif
PUBLIC_0115,2,/shared/mcmicro/public_data/cycif_5k/cycif-tonsil-cycle2.ome.tif
PUBLIC_0116,1,/shared/mcmicro/public_data/cycif_5k/cycif-tonsil-cycle1.ome.tif
PUBLIC_0116,2,/shared/mcmicro/public_data/cycif_5k/cycif-tonsil-cycle2.ome.tif
PUBLIC_0117,1,/shared/mcmicro/public_data/cycif_5k/cycif-tonsil-cycle1.ome.tif
PUBLIC_0117,2,/shared/mcmicro/public_data/cycif_5k/cycif-tonsil-cycle2.ome.tif
PUBLIC_0118,1,/shared/mcmicro/public_data/cycif_5k/cycif-tonsil-cycle1.ome.tif
PUBLIC_0118,2,/shared/mcmicro/public_data/cycif_5k/cycif-tonsil-cycle2.ome.tif
PUBLIC_0119,1,/shared/mcmicro/public_data/cycif_5k/cycif-tonsil-cycle1.ome.tif
PUBLIC_0119,2,/shared/mcmicro/public_data/cycif_5k/cycif-tonsil-cycle2.ome.tif
PUBLIC_0120,1,/shared/mcmicro/public_data/cycif_5k/cycif-tonsil-cycle1.ome.tif
PUBLIC_0120,2,/shared/mcmicro/public_data/cycif_5k/cycif-tonsil-cycle2.ome.tif
PUBLIC_0121,1,/shared/mcmicro/public_data/cycif_5k/cycif-tonsil-cycle1.ome.tif
PUBLIC_0121,2,/shared/mcmicro/public_data/cycif_5k/cycif-tonsil-cycle2.ome.tif
PUBLIC_0122,1,/shared/mcmicro/public_data/cycif_5k/cycif-tonsil-cycle1.ome.tif
PUBLIC_0122,2,/shared/mcmicro/public_data/cycif_5k/cycif-tonsil-cycle2.ome.tif
PUBLIC_0123,1,/shared/mcmicro/public_data/cycif_5k/cycif-tonsil-cycle1.ome.tif
PUBLIC_0123,2,/shared/mcmicro/public_data/cycif_5k/cycif-tonsil-cycle2.ome.tif
PUBLIC_0124,1,/shared/mcmicro/public_data/cycif_5k/cycif-tonsil-cycle1.ome.tif
PUBLIC_0124,2,/shared/mcmicro/public_data/cycif_5k/cycif-tonsil-cycle2.ome.tif
PUBLIC_0125,1,/shared/mcmicro/public_data/cycif_5k/cycif-tonsil-cycle1.ome.tif
PUBLIC_0125,2,/shared/mcmicro/public_data/cycif_5k/cycif-tonsil-cycle2.ome.tif
PUBLIC_0126,1,/shared/mcmicro/public_data/cycif_5k/cycif-tonsil-cycle1.ome.tif
PUBLIC_0126,2,/shared/mcmicro/public_data/cycif_5k/cycif-tonsil-cycle2.ome.tif
PUBLIC_0127,1,/shared/mcmicro/public_data/cycif_5k/cycif-tonsil-cycle1.ome.tif
PUBLIC_0127,2,/shared/mcmicro/public_data/cycif_5k/cycif-tonsil-cycle2.ome.tif
PUBLIC_0128,1,/shared/mcmicro/public_data/cycif_5k/cycif-tonsil-cycle1.ome.tif
PUBLIC_0128,2,/shared/mcmicro/public_data/cycif_5k/cycif-tonsil-cycle2.ome.tif
PUBLIC_0129,1,/shared/mcmicro/public_data/cycif_5k/cycif-tonsil-cycle1.ome.tif
PUBLIC_0129,2,/shared/mcmicro/public_data/cycif_5k/cycif-tonsil-cycle2.ome.tif
PUBLIC_0130,1,/shared/mcmicro/public_data/cycif_5k/cycif-tonsil-cycle1.ome.tif
PUBLIC_0130,2,/shared/mcmicro/public_data/cycif_5k/cycif-tonsil-cycle2.ome.tif
PUBLIC_0131,1,/shared/mcmicro/public_data/cycif_5k/cycif-tonsil-cycle1.ome.tif
PUBLIC_0131,2,/shared/mcmicro/public_data/cycif_5k/cycif-tonsil-cycle2.ome.tif
PUBLIC_0132,1,/shared/mcmicro/public_data/cycif_5k/cycif-tonsil-cycle1.ome.tif
PUBLIC_0132,2,/shared/mcmicro/public_data/cycif_5k/cycif-tonsil-cycle2.ome.tif
PUBLIC_0133,1,/shared/mcmicro/public_data/cycif_5k/cycif-tonsil-cycle1.ome.tif
PUBLIC_0133,2,/shared/mcmicro/public_data/cycif_5k/cycif-tonsil-cycle2.ome.tif
PUBLIC_0134,1,/shared/mcmicro/public_data/cycif_5k/cycif-tonsil-cycle1.ome.tif
PUBLIC_0134,2,/shared/mcmicro/public_data/cycif_5k/cycif-tonsil-cycle2.ome.tif
PUBLIC_0135,1,/shared/mcmicro/public_data/cycif_5k/cycif-tonsil-cycle1.ome.tif
PUBLIC_0135,2,/shared/mcmicro/public_data/cycif_5k/cycif-tonsil-cycle2.ome.tif
PUBLIC_0136,1,/shared/mcmicro/public_data/cycif_5k/cycif-tonsil-cycle1.ome.tif
PUBLIC_0136,2,/shared/mcmicro/public_data/cycif_5k/cycif-tonsil-cycle2.ome.tif
PUBLIC_0137,1,/shared/mcmicro/public_data/cycif_5k/cycif-tonsil-cycle1.ome.tif
PUBLIC_0137,2,/shared/mcmicro/public_data/cycif_5k/cycif-tonsil-cycle2.ome.tif
PUBLIC_0138,1,/shared/mcmicro/public_data/cycif_5k/cycif-tonsil-cycle1.ome.tif
PUBLIC_0138,2,/shared/mcmicro/public_data/cycif_5k/cycif-tonsil-cycle2.ome.tif
PUBLIC_0139,1,/shared/mcmicro/public_data/cycif_5k/cycif-tonsil-cycle1.ome.tif
PUBLIC_0139,2,/shared/mcmicro/public_data/cycif_5k/cycif-tonsil-cycle2.ome.tif
PUBLIC_0140,1,/shared/mcmicro/public_data/cycif_5k/cycif-tonsil-cycle1.ome.tif
PUBLIC_0140,2,/shared/mcmicro/public_data/cycif_5k/cycif-tonsil-cycle2.ome.tif
PUBLIC_0141,1,/shared/mcmicro/public_data/cycif_5k/cycif-tonsil-cycle1.ome.tif
PUBLIC_0141,2,/shared/mcmicro/public_data/cycif_5k/cycif-tonsil-cycle2.ome.tif
PUBLIC_0142,1,/shared/mcmicro/public_data/cycif_5k/cycif-tonsil-cycle1.ome.tif
PUBLIC_0142,2,/shared/mcmicro/public_data/cycif_5k/cycif-tonsil-cycle2.ome.tif
PUBLIC_0143,1,/shared/mcmicro/public_data/cycif_5k/cycif-tonsil-cycle1.ome.tif
PUBLIC_0143,2,/shared/mcmicro/public_data/cycif_5k/cycif-tonsil-cycle2.ome.tif
PUBLIC_0144,1,/shared/mcmicro/public_data/cycif_5k/cycif-tonsil-cycle1.ome.tif
PUBLIC_0144,2,/shared/mcmicro/public_data/cycif_5k/cycif-tonsil-cycle2.ome.tif
PUBLIC_0145,1,/shared/mcmicro/public_data/cycif_5k/cycif-tonsil-cycle1.ome.tif
PUBLIC_0145,2,/shared/mcmicro/public_data/cycif_5k/cycif-tonsil-cycle2.ome.tif
PUBLIC_0146,1,/shared/mcmicro/public_data/cycif_5k/cycif-tonsil-cycle1.ome.tif
PUBLIC_0146,2,/shared/mcmicro/public_data/cycif_5k/cycif-tonsil-cycle2.ome.tif
PUBLIC_0147,1,/shared/mcmicro/public_data/cycif_5k/cycif-tonsil-cycle1.ome.tif
PUBLIC_0147,2,/shared/mcmicro/public_data/cycif_5k/cycif-tonsil-cycle2.ome.tif
PUBLIC_0148,1,/shared/mcmicro/public_data/cycif_5k/cycif-tonsil-cycle1.ome.tif
PUBLIC_0148,2,/shared/mcmicro/public_data/cycif_5k/cycif-tonsil-cycle2.ome.tif
PUBLIC_0149,1,/shared/mcmicro/public_data/cycif_5k/cycif-tonsil-cycle1.ome.tif
PUBLIC_0149,2,/shared/mcmicro/public_data/cycif_5k/cycif-tonsil-cycle2.ome.tif
PUBLIC_0150,1,/shared/mcmicro/public_data/cycif_5k/cycif-tonsil-cycle1.ome.tif
PUBLIC_0150,2,/shared/mcmicro/public_data/cycif_5k/cycif-tonsil-cycle2.ome.tif
PUBLIC_0151,1,/shared/mcmicro/public_data/cycif_5k/cycif-tonsil-cycle1.ome.tif
PUBLIC_0151,2,/shared/mcmicro/public_data/cycif_5k/cycif-tonsil-cycle2.ome.tif
PUBLIC_0152,1,/shared/mcmicro/public_data/cycif_5k/cycif-tonsil-cycle1.ome.tif
PUBLIC_0152,2,/shared/mcmicro/public_data/cycif_5k/cycif-tonsil-cycle2.ome.tif
PUBLIC_0153,1,/shared/mcmicro/public_data/cycif_5k/cycif-tonsil-cycle1.ome.tif
PUBLIC_0153,2,/shared/mcmicro/public_data/cycif_5k/cycif-tonsil-cycle2.ome.tif
PUBLIC_0154,1,/shared/mcmicro/public_data/cycif_5k/cycif-tonsil-cycle1.ome.tif
PUBLIC_0154,2,/shared/mcmicro/public_data/cycif_5k/cycif-tonsil-cycle2.ome.tif
PUBLIC_0155,1,/shared/mcmicro/public_data/cycif_5k/cycif-tonsil-cycle1.ome.tif
PUBLIC_0155,2,/shared/mcmicro/public_data/cycif_5k/cycif-tonsil-cycle2.ome.tif
PUBLIC_0156,1,/shared/mcmicro/public_data/cycif_5k/cycif-tonsil-cycle1.ome.tif
PUBLIC_0156,2,/shared/mcmicro/public_data/cycif_5k/cycif-tonsil-cycle2.ome.tif
PUBLIC_0157,1,/shared/mcmicro/public_data/cycif_5k/cycif-tonsil-cycle1.ome.tif
PUBLIC_0157,2,/shared/mcmicro/public_data/cycif_5k/cycif-tonsil-cycle2.ome.tif
PUBLIC_0158,1,/shared/mcmicro/public_data/cycif_5k/cycif-tonsil-cycle1.ome.tif
PUBLIC_0158,2,/shared/mcmicro/public_data/cycif_5k/cycif-tonsil-cycle2.ome.tif
PUBLIC_0159,1,/shared/mcmicro/public_data/cycif_5k/cycif-tonsil-cycle1.ome.tif
PUBLIC_0159,2,/shared/mcmicro/public_data/cycif_5k/cycif-tonsil-cycle2.ome.tif
PUBLIC_0160,1,/shared/mcmicro/public_data/cycif_5k/cycif-tonsil-cycle1.ome.tif
PUBLIC_0160,2,/shared/mcmicro/public_data/cycif_5k/cycif-tonsil-cycle2.ome.tif
PUBLIC_0161,1,/shared/mcmicro/public_data/cycif_5k/cycif-tonsil-cycle1.ome.tif
PUBLIC_0161,2,/shared/mcmicro/public_data/cycif_5k/cycif-tonsil-cycle2.ome.tif
PUBLIC_0162,1,/shared/mcmicro/public_data/cycif_5k/cycif-tonsil-cycle1.ome.tif
PUBLIC_0162,2,/shared/mcmicro/public_data/cycif_5k/cycif-tonsil-cycle2.ome.tif
PUBLIC_0163,1,/shared/mcmicro/public_data/cycif_5k/cycif-tonsil-cycle1.ome.tif
PUBLIC_0163,2,/shared/mcmicro/public_data/cycif_5k/cycif-tonsil-cycle2.ome.tif
PUBLIC_0164,1,/shared/mcmicro/public_data/cycif_5k/cycif-tonsil-cycle1.ome.tif
PUBLIC_0164,2,/shared/mcmicro/public_data/cycif_5k/cycif-tonsil-cycle2.ome.tif
PUBLIC_0165,1,/shared/mcmicro/public_data/cycif_5k/cycif-tonsil-cycle1.ome.tif
PUBLIC_0165,2,/shared/mcmicro/public_data/cycif_5k/cycif-tonsil-cycle2.ome.tif
PUBLIC_0166,1,/shared/mcmicro/public_data/cycif_5k/cycif-tonsil-cycle1.ome.tif
PUBLIC_0166,2,/shared/mcmicro/public_data/cycif_5k/cycif-tonsil-cycle2.ome.tif
PUBLIC_0167,1,/shared/mcmicro/public_data/cycif_5k/cycif-tonsil-cycle1.ome.tif
PUBLIC_0167,2,/shared/mcmicro/public_data/cycif_5k/cycif-tonsil-cycle2.ome.tif
PUBLIC_0168,1,/shared/mcmicro/public_data/cycif_5k/cycif-tonsil-cycle1.ome.tif
PUBLIC_0168,2,/shared/mcmicro/public_data/cycif_5k/cycif-tonsil-cycle2.ome.tif
PUBLIC_0169,1,/shared/mcmicro/public_data/cycif_5k/cycif-tonsil-cycle1.ome.tif
PUBLIC_0169,2,/shared/mcmicro/public_data/cycif_5k/cycif-tonsil-cycle2.ome.tif
PUBLIC_0170,1,/shared/mcmicro/public_data/cycif_5k/cycif-tonsil-cycle1.ome.tif
PUBLIC_0170,2,/shared/mcmicro/public_data/cycif_5k/cycif-tonsil-cycle2.ome.tif
PUBLIC_0171,1,/shared/mcmicro/public_data/cycif_5k/cycif-tonsil-cycle1.ome.tif
PUBLIC_0171,2,/shared/mcmicro/public_data/cycif_5k/cycif-tonsil-cycle2.ome.tif
PUBLIC_0172,1,/shared/mcmicro/public_data/cycif_5k/cycif-tonsil-cycle1.ome.tif
PUBLIC_0172,2,/shared/mcmicro/public_data/cycif_5k/cycif-tonsil-cycle2.ome.tif
PUBLIC_0173,1,/shared/mcmicro/public_data/cycif_5k/cycif-tonsil-cycle1.ome.tif
PUBLIC_0173,2,/shared/mcmicro/public_data/cycif_5k/cycif-tonsil-cycle2.ome.tif
PUBLIC_0174,1,/shared/mcmicro/public_data/cycif_5k/cycif-tonsil-cycle1.ome.tif
PUBLIC_0174,2,/shared/mcmicro/public_data/cycif_5k/cycif-tonsil-cycle2.ome.tif
PUBLIC_0175,1,/shared/mcmicro/public_data/cycif_5k/cycif-tonsil-cycle1.ome.tif
PUBLIC_0175,2,/shared/mcmicro/public_data/cycif_5k/cycif-tonsil-cycle2.ome.tif
PUBLIC_0176,1,/shared/mcmicro/public_data/cycif_5k/cycif-tonsil-cycle1.ome.tif
PUBLIC_0176,2,/shared/mcmicro/public_data/cycif_5k/cycif-tonsil-cycle2.ome.tif
PUBLIC_0177,1,/shared/mcmicro/public_data/cycif_5k/cycif-tonsil-cycle1.ome.tif
PUBLIC_0177,2,/shared/mcmicro/public_data/cycif_5k/cycif-tonsil-cycle2.ome.tif
PUBLIC_0178,1,/shared/mcmicro/public_data/cycif_5k/cycif-tonsil-cycle1.ome.tif
PUBLIC_0178,2,/shared/mcmicro/public_data/cycif_5k/cycif-tonsil-cycle2.ome.tif
PUBLIC_0179,1,/shared/mcmicro/public_data/cycif_5k/cycif-tonsil-cycle1.ome.tif
PUBLIC_0179,2,/shared/mcmicro/public_data/cycif_5k/cycif-tonsil-cycle2.ome.tif
PUBLIC_0180,1,/shared/mcmicro/public_data/cycif_5k/cycif-tonsil-cycle1.ome.tif
PUBLIC_0180,2,/shared/mcmicro/public_data/cycif_5k/cycif-tonsil-cycle2.ome.tif
PUBLIC_0181,1,/shared/mcmicro/public_data/cycif_5k/cycif-tonsil-cycle1.ome.tif
PUBLIC_0181,2,/shared/mcmicro/public_data/cycif_5k/cycif-tonsil-cycle2.ome.tif
PUBLIC_0182,1,/shared/mcmicro/public_data/cycif_5k/cycif-tonsil-cycle1.ome.tif
PUBLIC_0182,2,/shared/mcmicro/public_data/cycif_5k/cycif-tonsil-cycle2.ome.tif
PUBLIC_0183,1,/shared/mcmicro/public_data/cycif_5k/cycif-tonsil-cycle1.ome.tif
PUBLIC_0183,2,/shared/mcmicro/public_data/cycif_5k/cycif-tonsil-cycle2.ome.tif
PUBLIC_0184,1,/shared/mcmicro/public_data/cycif_5k/cycif-tonsil-cycle1.ome.tif
PUBLIC_0184,2,/shared/mcmicro/public_data/cycif_5k/cycif-tonsil-cycle2.ome.tif
PUBLIC_0185,1,/shared/mcmicro/public_data/cycif_5k/cycif-tonsil-cycle1.ome.tif
PUBLIC_0185,2,/shared/mcmicro/public_data/cycif_5k/cycif-tonsil-cycle2.ome.tif
PUBLIC_0186,1,/shared/mcmicro/public_data/cycif_5k/cycif-tonsil-cycle1.ome.tif
PUBLIC_0186,2,/shared/mcmicro/public_data/cycif_5k/cycif-tonsil-cycle2.ome.tif
PUBLIC_0187,1,/shared/mcmicro/public_data/cycif_5k/cycif-tonsil-cycle1.ome.tif
PUBLIC_0187,2,/shared/mcmicro/public_data/cycif_5k/cycif-tonsil-cycle2.ome.tif
PUBLIC_0188,1,/shared/mcmicro/public_data/cycif_5k/cycif-tonsil-cycle1.ome.tif
PUBLIC_0188,2,/shared/mcmicro/public_data/cycif_5k/cycif-tonsil-cycle2.ome.tif
PUBLIC_0189,1,/shared/mcmicro/public_data/cycif_5k/cycif-tonsil-cycle1.ome.tif
PUBLIC_0189,2,/shared/mcmicro/public_data/cycif_5k/cycif-tonsil-cycle2.ome.tif
PUBLIC_0190,1,/shared/mcmicro/public_data/cycif_5k/cycif-tonsil-cycle1.ome.tif
PUBLIC_0190,2,/shared/mcmicro/public_data/cycif_5k/cycif-tonsil-cycle2.ome.tif
PUBLIC_0191,1,/shared/mcmicro/public_data/cycif_5k/cycif-tonsil-cycle1.ome.tif
PUBLIC_0191,2,/shared/mcmicro/public_data/cycif_5k/cycif-tonsil-cycle2.ome.tif
PUBLIC_0192,1,/shared/mcmicro/public_data/cycif_5k/cycif-tonsil-cycle1.ome.tif
PUBLIC_0192,2,/shared/mcmicro/public_data/cycif_5k/cycif-tonsil-cycle2.ome.tif
PUBLIC_0193,1,/shared/mcmicro/public_data/cycif_5k/cycif-tonsil-cycle1.ome.tif
PUBLIC_0193,2,/shared/mcmicro/public_data/cycif_5k/cycif-tonsil-cycle2.ome.tif
PUBLIC_0194,1,/shared/mcmicro/public_data/cycif_5k/cycif-tonsil-cycle1.ome.tif
PUBLIC_0194,2,/shared/mcmicro/public_data/cycif_5k/cycif-tonsil-cycle2.ome.tif
PUBLIC_0195,1,/shared/mcmicro/public_data/cycif_5k/cycif-tonsil-cycle1.ome.tif
PUBLIC_0195,2,/shared/mcmicro/public_data/cycif_5k/cycif-tonsil-cycle2.ome.tif
PUBLIC_0196,1,/shared/mcmicro/public_data/cycif_5k/cycif-tonsil-cycle1.ome.tif
PUBLIC_0196,2,/shared/mcmicro/public_data/cycif_5k/cycif-tonsil-cycle2.ome.tif
PUBLIC_0197,1,/shared/mcmicro/public_data/cycif_5k/cycif-tonsil-cycle1.ome.tif
PUBLIC_0197,2,/shared/mcmicro/public_data/cycif_5k/cycif-tonsil-cycle2.ome.tif
PUBLIC_0198,1,/shared/mcmicro/public_data/cycif_5k/cycif-tonsil-cycle1.ome.tif
PUBLIC_0198,2,/shared/mcmicro/public_data/cycif_5k/cycif-tonsil-cycle2.ome.tif
PUBLIC_0199,1,/shared/mcmicro/public_data/cycif_5k/cycif-tonsil-cycle1.ome.tif
PUBLIC_0199,2,/shared/mcmicro/public_data/cycif_5k/cycif-tonsil-cycle2.ome.tif
PUBLIC_0200,1,/shared/mcmicro/public_data/cycif_5k/cycif-tonsil-cycle1.ome.tif
PUBLIC_0200,2,/shared/mcmicro/public_data/cycif_5k/cycif-tonsil-cycle2.ome.tif
PUBLIC_0201,1,/shared/mcmicro/public_data/cycif_5k/cycif-tonsil-cycle1.ome.tif
PUBLIC_0201,2,/shared/mcmicro/public_data/cycif_5k/cycif-tonsil-cycle2.ome.tif
PUBLIC_0202,1,/shared/mcmicro/public_data/cycif_5k/cycif-tonsil-cycle1.ome.tif
PUBLIC_0202,2,/shared/mcmicro/public_data/cycif_5k/cycif-tonsil-cycle2.ome.tif
PUBLIC_0203,1,/shared/mcmicro/public_data/cycif_5k/cycif-tonsil-cycle1.ome.tif
PUBLIC_0203,2,/shared/mcmicro/public_data/cycif_5k/cycif-tonsil-cycle2.ome.tif
PUBLIC_0204,1,/shared/mcmicro/public_data/cycif_5k/cycif-tonsil-cycle1.ome.tif
PUBLIC_0204,2,/shared/mcmicro/public_data/cycif_5k/cycif-tonsil-cycle2.ome.tif
PUBLIC_0205,1,/shared/mcmicro/public_data/cycif_5k/cycif-tonsil-cycle1.ome.tif
PUBLIC_0205,2,/shared/mcmicro/public_data/cycif_5k/cycif-tonsil-cycle2.ome.tif
PUBLIC_0206,1,/shared/mcmicro/public_data/cycif_5k/cycif-tonsil-cycle1.ome.tif
PUBLIC_0206,2,/shared/mcmicro/public_data/cycif_5k/cycif-tonsil-cycle2.ome.tif
PUBLIC_0207,1,/shared/mcmicro/public_data/cycif_5k/cycif-tonsil-cycle1.ome.tif
PUBLIC_0207,2,/shared/mcmicro/public_data/cycif_5k/cycif-tonsil-cycle2.ome.tif
PUBLIC_0208,1,/shared/mcmicro/public_data/cycif_5k/cycif-tonsil-cycle1.ome.tif
PUBLIC_0208,2,/shared/mcmicro/public_data/cycif_5k/cycif-tonsil-cycle2.ome.tif
PUBLIC_0209,1,/shared/mcmicro/public_data/cycif_5k/cycif-tonsil-cycle1.ome.tif
PUBLIC_0209,2,/shared/mcmicro/public_data/cycif_5k/cycif-tonsil-cycle2.ome.tif
PUBLIC_0210,1,/shared/mcmicro/public_data/cycif_5k/cycif-tonsil-cycle1.ome.tif
PUBLIC_0210,2,/shared/mcmicro/public_data/cycif_5k/cycif-tonsil-cycle2.ome.tif
PUBLIC_0211,1,/shared/mcmicro/public_data/cycif_5k/cycif-tonsil-cycle1.ome.tif
PUBLIC_0211,2,/shared/mcmicro/public_data/cycif_5k/cycif-tonsil-cycle2.ome.tif
PUBLIC_0212,1,/shared/mcmicro/public_data/cycif_5k/cycif-tonsil-cycle1.ome.tif
PUBLIC_0212,2,/shared/mcmicro/public_data/cycif_5k/cycif-tonsil-cycle2.ome.tif
PUBLIC_0213,1,/shared/mcmicro/public_data/cycif_5k/cycif-tonsil-cycle1.ome.tif
PUBLIC_0213,2,/shared/mcmicro/public_data/cycif_5k/cycif-tonsil-cycle2.ome.tif
PUBLIC_0214,1,/shared/mcmicro/public_data/cycif_5k/cycif-tonsil-cycle1.ome.tif
PUBLIC_0214,2,/shared/mcmicro/public_data/cycif_5k/cycif-tonsil-cycle2.ome.tif
PUBLIC_0215,1,/shared/mcmicro/public_data/cycif_5k/cycif-tonsil-cycle1.ome.tif
PUBLIC_0215,2,/shared/mcmicro/public_data/cycif_5k/cycif-tonsil-cycle2.ome.tif
PUBLIC_0216,1,/shared/mcmicro/public_data/cycif_5k/cycif-tonsil-cycle1.ome.tif
PUBLIC_0216,2,/shared/mcmicro/public_data/cycif_5k/cycif-tonsil-cycle2.ome.tif
PUBLIC_0217,1,/shared/mcmicro/public_data/cycif_5k/cycif-tonsil-cycle1.ome.tif
PUBLIC_0217,2,/shared/mcmicro/public_data/cycif_5k/cycif-tonsil-cycle2.ome.tif
PUBLIC_0218,1,/shared/mcmicro/public_data/cycif_5k/cycif-tonsil-cycle1.ome.tif
PUBLIC_0218,2,/shared/mcmicro/public_data/cycif_5k/cycif-tonsil-cycle2.ome.tif
PUBLIC_0219,1,/shared/mcmicro/public_data/cycif_5k/cycif-tonsil-cycle1.ome.tif
PUBLIC_0219,2,/shared/mcmicro/public_data/cycif_5k/cycif-tonsil-cycle2.ome.tif
PUBLIC_0220,1,/shared/mcmicro/public_data/cycif_5k/cycif-tonsil-cycle1.ome.tif
PUBLIC_0220,2,/shared/mcmicro/public_data/cycif_5k/cycif-tonsil-cycle2.ome.tif
PUBLIC_0221,1,/shared/mcmicro/public_data/cycif_5k/cycif-tonsil-cycle1.ome.tif
PUBLIC_0221,2,/shared/mcmicro/public_data/cycif_5k/cycif-tonsil-cycle2.ome.tif
PUBLIC_0222,1,/shared/mcmicro/public_data/cycif_5k/cycif-tonsil-cycle1.ome.tif
PUBLIC_0222,2,/shared/mcmicro/public_data/cycif_5k/cycif-tonsil-cycle2.ome.tif
PUBLIC_0223,1,/shared/mcmicro/public_data/cycif_5k/cycif-tonsil-cycle1.ome.tif
PUBLIC_0223,2,/shared/mcmicro/public_data/cycif_5k/cycif-tonsil-cycle2.ome.tif
PUBLIC_0224,1,/shared/mcmicro/public_data/cycif_5k/cycif-tonsil-cycle1.ome.tif
PUBLIC_0224,2,/shared/mcmicro/public_data/cycif_5k/cycif-tonsil-cycle2.ome.tif
PUBLIC_0225,1,/shared/mcmicro/public_data/cycif_5k/cycif-tonsil-cycle1.ome.tif
PUBLIC_0225,2,/shared/mcmicro/public_data/cycif_5k/cycif-tonsil-cycle2.ome.tif
PUBLIC_0226,1,/shared/mcmicro/public_data/cycif_5k/cycif-tonsil-cycle1.ome.tif
PUBLIC_0226,2,/shared/mcmicro/public_data/cycif_5k/cycif-tonsil-cycle2.ome.tif
PUBLIC_0227,1,/shared/mcmicro/public_data/cycif_5k/cycif-tonsil-cycle1.ome.tif
PUBLIC_0227,2,/shared/mcmicro/public_data/cycif_5k/cycif-tonsil-cycle2.ome.tif
PUBLIC_0228,1,/shared/mcmicro/public_data/cycif_5k/cycif-tonsil-cycle1.ome.tif
PUBLIC_0228,2,/shared/mcmicro/public_data/cycif_5k/cycif-tonsil-cycle2.ome.tif
PUBLIC_0229,1,/shared/mcmicro/public_data/cycif_5k/cycif-tonsil-cycle1.ome.tif
PUBLIC_0229,2,/shared/mcmicro/public_data/cycif_5k/cycif-tonsil-cycle2.ome.tif
PUBLIC_0230,1,/shared/mcmicro/public_data/cycif_5k/cycif-tonsil-cycle1.ome.tif
PUBLIC_0230,2,/shared/mcmicro/public_data/cycif_5k/cycif-tonsil-cycle2.ome.tif
PUBLIC_0231,1,/shared/mcmicro/public_data/cycif_5k/cycif-tonsil-cycle1.ome.tif
PUBLIC_0231,2,/shared/mcmicro/public_data/cycif_5k/cycif-tonsil-cycle2.ome.tif
PUBLIC_0232,1,/shared/mcmicro/public_data/cycif_5k/cycif-tonsil-cycle1.ome.tif
PUBLIC_0232,2,/shared/mcmicro/public_data/cycif_5k/cycif-tonsil-cycle2.ome.tif
PUBLIC_0233,1,/shared/mcmicro/public_data/cycif_5k/cycif-tonsil-cycle1.ome.tif
PUBLIC_0233,2,/shared/mcmicro/public_data/cycif_5k/cycif-tonsil-cycle2.ome.tif
PUBLIC_0234,1,/shared/mcmicro/public_data/cycif_5k/cycif-tonsil-cycle1.ome.tif
PUBLIC_0234,2,/shared/mcmicro/public_data/cycif_5k/cycif-tonsil-cycle2.ome.tif
PUBLIC_0235,1,/shared/mcmicro/public_data/cycif_5k/cycif-tonsil-cycle1.ome.tif
PUBLIC_0235,2,/shared/mcmicro/public_data/cycif_5k/cycif-tonsil-cycle2.ome.tif
PUBLIC_0236,1,/shared/mcmicro/public_data/cycif_5k/cycif-tonsil-cycle1.ome.tif
PUBLIC_0236,2,/shared/mcmicro/public_data/cycif_5k/cycif-tonsil-cycle2.ome.tif
PUBLIC_0237,1,/shared/mcmicro/public_data/cycif_5k/cycif-tonsil-cycle1.ome.tif
PUBLIC_0237,2,/shared/mcmicro/public_data/cycif_5k/cycif-tonsil-cycle2.ome.tif
PUBLIC_0238,1,/shared/mcmicro/public_data/cycif_5k/cycif-tonsil-cycle1.ome.tif
PUBLIC_0238,2,/shared/mcmicro/public_data/cycif_5k/cycif-tonsil-cycle2.ome.tif
PUBLIC_0239,1,/shared/mcmicro/public_data/cycif_5k/cycif-tonsil-cycle1.ome.tif
PUBLIC_0239,2,/shared/mcmicro/public_data/cycif_5k/cycif-tonsil-cycle2.ome.tif
PUBLIC_0240,1,/shared/mcmicro/public_data/cycif_5k/cycif-tonsil-cycle1.ome.tif
PUBLIC_0240,2,/shared/mcmicro/public_data/cycif_5k/cycif-tonsil-cycle2.ome.tif
PUBLIC_0241,1,/shared/mcmicro/public_data/cycif_5k/cycif-tonsil-cycle1.ome.tif
PUBLIC_0241,2,/shared/mcmicro/public_data/cycif_5k/cycif-tonsil-cycle2.ome.tif
PUBLIC_0242,1,/shared/mcmicro/public_data/cycif_5k/cycif-tonsil-cycle1.ome.tif
PUBLIC_0242,2,/shared/mcmicro/public_data/cycif_5k/cycif-tonsil-cycle2.ome.tif
PUBLIC_0243,1,/shared/mcmicro/public_data/cycif_5k/cycif-tonsil-cycle1.ome.tif
PUBLIC_0243,2,/shared/mcmicro/public_data/cycif_5k/cycif-tonsil-cycle2.ome.tif
PUBLIC_0244,1,/shared/mcmicro/public_data/cycif_5k/cycif-tonsil-cycle1.ome.tif
PUBLIC_0244,2,/shared/mcmicro/public_data/cycif_5k/cycif-tonsil-cycle2.ome.tif
PUBLIC_0245,1,/shared/mcmicro/public_data/cycif_5k/cycif-tonsil-cycle1.ome.tif
PUBLIC_0245,2,/shared/mcmicro/public_data/cycif_5k/cycif-tonsil-cycle2.ome.tif
PUBLIC_0246,1,/shared/mcmicro/public_data/cycif_5k/cycif-tonsil-cycle1.ome.tif
PUBLIC_0246,2,/shared/mcmicro/public_data/cycif_5k/cycif-tonsil-cycle2.ome.tif
PUBLIC_0247,1,/shared/mcmicro/public_data/cycif_5k/cycif-tonsil-cycle1.ome.tif
PUBLIC_0247,2,/shared/mcmicro/public_data/cycif_5k/cycif-tonsil-cycle2.ome.tif
PUBLIC_0248,1,/shared/mcmicro/public_data/cycif_5k/cycif-tonsil-cycle1.ome.tif
PUBLIC_0248,2,/shared/mcmicro/public_data/cycif_5k/cycif-tonsil-cycle2.ome.tif
PUBLIC_0249,1,/shared/mcmicro/public_data/cycif_5k/cycif-tonsil-cycle1.ome.tif
PUBLIC_0249,2,/shared/mcmicro/public_data/cycif_5k/cycif-tonsil-cycle2.ome.tif
PUBLIC_0250,1,/shared/mcmicro/public_data/cycif_5k/cycif-tonsil-cycle1.ome.tif
PUBLIC_0250,2,/shared/mcmicro/public_data/cycif_5k/cycif-tonsil-cycle2.ome.tif
PUBLIC_0251,1,/shared/mcmicro/public_data/cycif_5k/cycif-tonsil-cycle1.ome.tif
PUBLIC_0251,2,/shared/mcmicro/public_data/cycif_5k/cycif-tonsil-cycle2.ome.tif
PUBLIC_0252,1,/shared/mcmicro/public_data/cycif_5k/cycif-tonsil-cycle1.ome.tif
PUBLIC_0252,2,/shared/mcmicro/public_data/cycif_5k/cycif-tonsil-cycle2.ome.tif
PUBLIC_0253,1,/shared/mcmicro/public_data/cycif_5k/cycif-tonsil-cycle1.ome.tif
PUBLIC_0253,2,/shared/mcmicro/public_data/cycif_5k/cycif-tonsil-cycle2.ome.tif
PUBLIC_0254,1,/shared/mcmicro/public_data/cycif_5k/cycif-tonsil-cycle1.ome.tif
PUBLIC_0254,2,/shared/mcmicro/public_data/cycif_5k/cycif-tonsil-cycle2.ome.tif
PUBLIC_0255,1,/shared/mcmicro/public_data/cycif_5k/cycif-tonsil-cycle1.ome.tif
PUBLIC_0255,2,/shared/mcmicro/public_data/cycif_5k/cycif-tonsil-cycle2.ome.tif
PUBLIC_0256,1,/shared/mcmicro/public_data/cycif_5k/cycif-tonsil-cycle1.ome.tif
PUBLIC_0256,2,/shared/mcmicro/public_data/cycif_5k/cycif-tonsil-cycle2.ome.tif
PUBLIC_0257,1,/shared/mcmicro/public_data/cycif_5k/cycif-tonsil-cycle1.ome.tif
PUBLIC_0257,2,/shared/mcmicro/public_data/cycif_5k/cycif-tonsil-cycle2.ome.tif
PUBLIC_0258,1,/shared/mcmicro/public_data/cycif_5k/cycif-tonsil-cycle1.ome.tif
PUBLIC_0258,2,/shared/mcmicro/public_data/cycif_5k/cycif-tonsil-cycle2.ome.tif
PUBLIC_0259,1,/shared/mcmicro/public_data/cycif_5k/cycif-tonsil-cycle1.ome.tif
PUBLIC_0259,2,/shared/mcmicro/public_data/cycif_5k/cycif-tonsil-cycle2.ome.tif
PUBLIC_0260,1,/shared/mcmicro/public_data/cycif_5k/cycif-tonsil-cycle1.ome.tif
PUBLIC_0260,2,/shared/mcmicro/public_data/cycif_5k/cycif-tonsil-cycle2.ome.tif
PUBLIC_0261,1,/shared/mcmicro/public_data/cycif_5k/cycif-tonsil-cycle1.ome.tif
PUBLIC_0261,2,/shared/mcmicro/public_data/cycif_5k/cycif-tonsil-cycle2.ome.tif
PUBLIC_0262,1,/shared/mcmicro/public_data/cycif_5k/cycif-tonsil-cycle1.ome.tif
PUBLIC_0262,2,/shared/mcmicro/public_data/cycif_5k/cycif-tonsil-cycle2.ome.tif
PUBLIC_0263,1,/shared/mcmicro/public_data/cycif_5k/cycif-tonsil-cycle1.ome.tif
PUBLIC_0263,2,/shared/mcmicro/public_data/cycif_5k/cycif-tonsil-cycle2.ome.tif
PUBLIC_0264,1,/shared/mcmicro/public_data/cycif_5k/cycif-tonsil-cycle1.ome.tif
PUBLIC_0264,2,/shared/mcmicro/public_data/cycif_5k/cycif-tonsil-cycle2.ome.tif
PUBLIC_0265,1,/shared/mcmicro/public_data/cycif_5k/cycif-tonsil-cycle1.ome.tif
PUBLIC_0265,2,/shared/mcmicro/public_data/cycif_5k/cycif-tonsil-cycle2.ome.tif
PUBLIC_0266,1,/shared/mcmicro/public_data/cycif_5k/cycif-tonsil-cycle1.ome.tif
PUBLIC_0266,2,/shared/mcmicro/public_data/cycif_5k/cycif-tonsil-cycle2.ome.tif
PUBLIC_0267,1,/shared/mcmicro/public_data/cycif_5k/cycif-tonsil-cycle1.ome.tif
PUBLIC_0267,2,/shared/mcmicro/public_data/cycif_5k/cycif-tonsil-cycle2.ome.tif
PUBLIC_0268,1,/shared/mcmicro/public_data/cycif_5k/cycif-tonsil-cycle1.ome.tif
PUBLIC_0268,2,/shared/mcmicro/public_data/cycif_5k/cycif-tonsil-cycle2.ome.tif
PUBLIC_0269,1,/shared/mcmicro/public_data/cycif_5k/cycif-tonsil-cycle1.ome.tif
PUBLIC_0269,2,/shared/mcmicro/public_data/cycif_5k/cycif-tonsil-cycle2.ome.tif
PUBLIC_0270,1,/shared/mcmicro/public_data/cycif_5k/cycif-tonsil-cycle1.ome.tif
PUBLIC_0270,2,/shared/mcmicro/public_data/cycif_5k/cycif-tonsil-cycle2.ome.tif
PUBLIC_0271,1,/shared/mcmicro/public_data/cycif_5k/cycif-tonsil-cycle1.ome.tif
PUBLIC_0271,2,/shared/mcmicro/public_data/cycif_5k/cycif-tonsil-cycle2.ome.tif
PUBLIC_0272,1,/shared/mcmicro/public_data/cycif_5k/cycif-tonsil-cycle1.ome.tif
PUBLIC_0272,2,/shared/mcmicro/public_data/cycif_5k/cycif-tonsil-cycle2.ome.tif
PUBLIC_0273,1,/shared/mcmicro/public_data/cycif_5k/cycif-tonsil-cycle1.ome.tif
PUBLIC_0273,2,/shared/mcmicro/public_data/cycif_5k/cycif-tonsil-cycle2.ome.tif
PUBLIC_0274,1,/shared/mcmicro/public_data/cycif_5k/cycif-tonsil-cycle1.ome.tif
PUBLIC_0274,2,/shared/mcmicro/public_data/cycif_5k/cycif-tonsil-cycle2.ome.tif
PUBLIC_0275,1,/shared/mcmicro/public_data/cycif_5k/cycif-tonsil-cycle1.ome.tif
PUBLIC_0275,2,/shared/mcmicro/public_data/cycif_5k/cycif-tonsil-cycle2.ome.tif
PUBLIC_0276,1,/shared/mcmicro/public_data/cycif_5k/cycif-tonsil-cycle1.ome.tif
PUBLIC_0276,2,/shared/mcmicro/public_data/cycif_5k/cycif-tonsil-cycle2.ome.tif
PUBLIC_0277,1,/shared/mcmicro/public_data/cycif_5k/cycif-tonsil-cycle1.ome.tif
PUBLIC_0277,2,/shared/mcmicro/public_data/cycif_5k/cycif-tonsil-cycle2.ome.tif
PUBLIC_0278,1,/shared/mcmicro/public_data/cycif_5k/cycif-tonsil-cycle1.ome.tif
PUBLIC_0278,2,/shared/mcmicro/public_data/cycif_5k/cycif-tonsil-cycle2.ome.tif
PUBLIC_0279,1,/shared/mcmicro/public_data/cycif_5k/cycif-tonsil-cycle1.ome.tif
PUBLIC_0279,2,/shared/mcmicro/public_data/cycif_5k/cycif-tonsil-cycle2.ome.tif
PUBLIC_0280,1,/shared/mcmicro/public_data/cycif_5k/cycif-tonsil-cycle1.ome.tif
PUBLIC_0280,2,/shared/mcmicro/public_data/cycif_5k/cycif-tonsil-cycle2.ome.tif
PUBLIC_0281,1,/shared/mcmicro/public_data/cycif_5k/cycif-tonsil-cycle1.ome.tif
PUBLIC_0281,2,/shared/mcmicro/public_data/cycif_5k/cycif-tonsil-cycle2.ome.tif
PUBLIC_0282,1,/shared/mcmicro/public_data/cycif_5k/cycif-tonsil-cycle1.ome.tif
PUBLIC_0282,2,/shared/mcmicro/public_data/cycif_5k/cycif-tonsil-cycle2.ome.tif
PUBLIC_0283,1,/shared/mcmicro/public_data/cycif_5k/cycif-tonsil-cycle1.ome.tif
PUBLIC_0283,2,/shared/mcmicro/public_data/cycif_5k/cycif-tonsil-cycle2.ome.tif
PUBLIC_0284,1,/shared/mcmicro/public_data/cycif_5k/cycif-tonsil-cycle1.ome.tif
PUBLIC_0284,2,/shared/mcmicro/public_data/cycif_5k/cycif-tonsil-cycle2.ome.tif
PUBLIC_0285,1,/shared/mcmicro/public_data/cycif_5k/cycif-tonsil-cycle1.ome.tif
PUBLIC_0285,2,/shared/mcmicro/public_data/cycif_5k/cycif-tonsil-cycle2.ome.tif
PUBLIC_0286,1,/shared/mcmicro/public_data/cycif_5k/cycif-tonsil-cycle1.ome.tif
PUBLIC_0286,2,/shared/mcmicro/public_data/cycif_5k/cycif-tonsil-cycle2.ome.tif
PUBLIC_0287,1,/shared/mcmicro/public_data/cycif_5k/cycif-tonsil-cycle1.ome.tif
PUBLIC_0287,2,/shared/mcmicro/public_data/cycif_5k/cycif-tonsil-cycle2.ome.tif
PUBLIC_0288,1,/shared/mcmicro/public_data/cycif_5k/cycif-tonsil-cycle1.ome.tif
PUBLIC_0288,2,/shared/mcmicro/public_data/cycif_5k/cycif-tonsil-cycle2.ome.tif
PUBLIC_0289,1,/shared/mcmicro/public_data/cycif_5k/cycif-tonsil-cycle1.ome.tif
PUBLIC_0289,2,/shared/mcmicro/public_data/cycif_5k/cycif-tonsil-cycle2.ome.tif
PUBLIC_0290,1,/shared/mcmicro/public_data/cycif_5k/cycif-tonsil-cycle1.ome.tif
PUBLIC_0290,2,/shared/mcmicro/public_data/cycif_5k/cycif-tonsil-cycle2.ome.tif
PUBLIC_0291,1,/shared/mcmicro/public_data/cycif_5k/cycif-tonsil-cycle1.ome.tif
PUBLIC_0291,2,/shared/mcmicro/public_data/cycif_5k/cycif-tonsil-cycle2.ome.tif
PUBLIC_0292,1,/shared/mcmicro/public_data/cycif_5k/cycif-tonsil-cycle1.ome.tif
PUBLIC_0292,2,/shared/mcmicro/public_data/cycif_5k/cycif-tonsil-cycle2.ome.tif
PUBLIC_0293,1,/shared/mcmicro/public_data/cycif_5k/cycif-tonsil-cycle1.ome.tif
PUBLIC_0293,2,/shared/mcmicro/public_data/cycif_5k/cycif-tonsil-cycle2.ome.tif
PUBLIC_0294,1,/shared/mcmicro/public_data/cycif_5k/cycif-tonsil-cycle1.ome.tif
PUBLIC_0294,2,/shared/mcmicro/public_data/cycif_5k/cycif-tonsil-cycle2.ome.tif
PUBLIC_0295,1,/shared/mcmicro/public_data/cycif_5k/cycif-tonsil-cycle1.ome.tif
PUBLIC_0295,2,/shared/mcmicro/public_data/cycif_5k/cycif-tonsil-cycle2.ome.tif
PUBLIC_0296,1,/shared/mcmicro/public_data/cycif_5k/cycif-tonsil-cycle1.ome.tif
PUBLIC_0296,2,/shared/mcmicro/public_data/cycif_5k/cycif-tonsil-cycle2.ome.tif
PUBLIC_0297,1,/shared/mcmicro/public_data/cycif_5k/cycif-tonsil-cycle1.ome.tif
PUBLIC_0297,2,/shared/mcmicro/public_data/cycif_5k/cycif-tonsil-cycle2.ome.tif
PUBLIC_0298,1,/shared/mcmicro/public_data/cycif_5k/cycif-tonsil-cycle1.ome.tif
PUBLIC_0298,2,/shared/mcmicro/public_data/cycif_5k/cycif-tonsil-cycle2.ome.tif
PUBLIC_0299,1,/shared/mcmicro/public_data/cycif_5k/cycif-tonsil-cycle1.ome.tif
PUBLIC_0299,2,/shared/mcmicro/public_data/cycif_5k/cycif-tonsil-cycle2.ome.tif
PUBLIC_0300,1,/shared/mcmicro/public_data/cycif_5k/cycif-tonsil-cycle1.ome.tif
PUBLIC_0300,2,/shared/mcmicro/public_data/cycif_5k/cycif-tonsil-cycle2.ome.tif
PUBLIC_0301,1,/shared/mcmicro/public_data/cycif_5k/cycif-tonsil-cycle1.ome.tif
PUBLIC_0301,2,/shared/mcmicro/public_data/cycif_5k/cycif-tonsil-cycle2.ome.tif
PUBLIC_0302,1,/shared/mcmicro/public_data/cycif_5k/cycif-tonsil-cycle1.ome.tif
PUBLIC_0302,2,/shared/mcmicro/public_data/cycif_5k/cycif-tonsil-cycle2.ome.tif
PUBLIC_0303,1,/shared/mcmicro/public_data/cycif_5k/cycif-tonsil-cycle1.ome.tif
PUBLIC_0303,2,/shared/mcmicro/public_data/cycif_5k/cycif-tonsil-cycle2.ome.tif
PUBLIC_0304,1,/shared/mcmicro/public_data/cycif_5k/cycif-tonsil-cycle1.ome.tif
PUBLIC_0304,2,/shared/mcmicro/public_data/cycif_5k/cycif-tonsil-cycle2.ome.tif
PUBLIC_0305,1,/shared/mcmicro/public_data/cycif_5k/cycif-tonsil-cycle1.ome.tif
PUBLIC_0305,2,/shared/mcmicro/public_data/cycif_5k/cycif-tonsil-cycle2.ome.tif
PUBLIC_0306,1,/shared/mcmicro/public_data/cycif_5k/cycif-tonsil-cycle1.ome.tif
PUBLIC_0306,2,/shared/mcmicro/public_data/cycif_5k/cycif-tonsil-cycle2.ome.tif
PUBLIC_0307,1,/shared/mcmicro/public_data/cycif_5k/cycif-tonsil-cycle1.ome.tif
PUBLIC_0307,2,/shared/mcmicro/public_data/cycif_5k/cycif-tonsil-cycle2.ome.tif
PUBLIC_0308,1,/shared/mcmicro/public_data/cycif_5k/cycif-tonsil-cycle1.ome.tif
PUBLIC_0308,2,/shared/mcmicro/public_data/cycif_5k/cycif-tonsil-cycle2.ome.tif
PUBLIC_0309,1,/shared/mcmicro/public_data/cycif_5k/cycif-tonsil-cycle1.ome.tif
PUBLIC_0309,2,/shared/mcmicro/public_data/cycif_5k/cycif-tonsil-cycle2.ome.tif
PUBLIC_0310,1,/shared/mcmicro/public_data/cycif_5k/cycif-tonsil-cycle1.ome.tif
PUBLIC_0310,2,/shared/mcmicro/public_data/cycif_5k/cycif-tonsil-cycle2.ome.tif
PUBLIC_0311,1,/shared/mcmicro/public_data/cycif_5k/cycif-tonsil-cycle1.ome.tif
PUBLIC_0311,2,/shared/mcmicro/public_data/cycif_5k/cycif-tonsil-cycle2.ome.tif
PUBLIC_0312,1,/shared/mcmicro/public_data/cycif_5k/cycif-tonsil-cycle1.ome.tif
PUBLIC_0312,2,/shared/mcmicro/public_data/cycif_5k/cycif-tonsil-cycle2.ome.tif
PUBLIC_0313,1,/shared/mcmicro/public_data/cycif_5k/cycif-tonsil-cycle1.ome.tif
PUBLIC_0313,2,/shared/mcmicro/public_data/cycif_5k/cycif-tonsil-cycle2.ome.tif
PUBLIC_0314,1,/shared/mcmicro/public_data/cycif_5k/cycif-tonsil-cycle1.ome.tif
PUBLIC_0314,2,/shared/mcmicro/public_data/cycif_5k/cycif-tonsil-cycle2.ome.tif
PUBLIC_0315,1,/shared/mcmicro/public_data/cycif_5k/cycif-tonsil-cycle1.ome.tif
PUBLIC_0315,2,/shared/mcmicro/public_data/cycif_5k/cycif-tonsil-cycle2.ome.tif
PUBLIC_0316,1,/shared/mcmicro/public_data/cycif_5k/cycif-tonsil-cycle1.ome.tif
PUBLIC_0316,2,/shared/mcmicro/public_data/cycif_5k/cycif-tonsil-cycle2.ome.tif
PUBLIC_0317,1,/shared/mcmicro/public_data/cycif_5k/cycif-tonsil-cycle1.ome.tif
PUBLIC_0317,2,/shared/mcmicro/public_data/cycif_5k/cycif-tonsil-cycle2.ome.tif
PUBLIC_0318,1,/shared/mcmicro/public_data/cycif_5k/cycif-tonsil-cycle1.ome.tif
PUBLIC_0318,2,/shared/mcmicro/public_data/cycif_5k/cycif-tonsil-cycle2.ome.tif
PUBLIC_0319,1,/shared/mcmicro/public_data/cycif_5k/cycif-tonsil-cycle1.ome.tif
PUBLIC_0319,2,/shared/mcmicro/public_data/cycif_5k/cycif-tonsil-cycle2.ome.tif
PUBLIC_0320,1,/shared/mcmicro/public_data/cycif_5k/cycif-tonsil-cycle1.ome.tif
PUBLIC_0320,2,/shared/mcmicro/public_data/cycif_5k/cycif-tonsil-cycle2.ome.tif
PUBLIC_0321,1,/shared/mcmicro/public_data/cycif_5k/cycif-tonsil-cycle1.ome.tif
PUBLIC_0321,2,/shared/mcmicro/public_data/cycif_5k/cycif-tonsil-cycle2.ome.tif
PUBLIC_0322,1,/shared/mcmicro/public_data/cycif_5k/cycif-tonsil-cycle1.ome.tif
PUBLIC_0322,2,/shared/mcmicro/public_data/cycif_5k/cycif-tonsil-cycle2.ome.tif
PUBLIC_0323,1,/shared/mcmicro/public_data/cycif_5k/cycif-tonsil-cycle1.ome.tif
PUBLIC_0323,2,/shared/mcmicro/public_data/cycif_5k/cycif-tonsil-cycle2.ome.tif
PUBLIC_0324,1,/shared/mcmicro/public_data/cycif_5k/cycif-tonsil-cycle1.ome.tif
PUBLIC_0324,2,/shared/mcmicro/public_data/cycif_5k/cycif-tonsil-cycle2.ome.tif
PUBLIC_0325,1,/shared/mcmicro/public_data/cycif_5k/cycif-tonsil-cycle1.ome.tif
PUBLIC_0325,2,/shared/mcmicro/public_data/cycif_5k/cycif-tonsil-cycle2.ome.tif
PUBLIC_0326,1,/shared/mcmicro/public_data/cycif_5k/cycif-tonsil-cycle1.ome.tif
PUBLIC_0326,2,/shared/mcmicro/public_data/cycif_5k/cycif-tonsil-cycle2.ome.tif
PUBLIC_0327,1,/shared/mcmicro/public_data/cycif_5k/cycif-tonsil-cycle1.ome.tif
PUBLIC_0327,2,/shared/mcmicro/public_data/cycif_5k/cycif-tonsil-cycle2.ome.tif
PUBLIC_0328,1,/shared/mcmicro/public_data/cycif_5k/cycif-tonsil-cycle1.ome.tif
PUBLIC_0328,2,/shared/mcmicro/public_data/cycif_5k/cycif-tonsil-cycle2.ome.tif
PUBLIC_0329,1,/shared/mcmicro/public_data/cycif_5k/cycif-tonsil-cycle1.ome.tif
PUBLIC_0329,2,/shared/mcmicro/public_data/cycif_5k/cycif-tonsil-cycle2.ome.tif
PUBLIC_0330,1,/shared/mcmicro/public_data/cycif_5k/cycif-tonsil-cycle1.ome.tif
PUBLIC_0330,2,/shared/mcmicro/public_data/cycif_5k/cycif-tonsil-cycle2.ome.tif
PUBLIC_0331,1,/shared/mcmicro/public_data/cycif_5k/cycif-tonsil-cycle1.ome.tif
PUBLIC_0331,2,/shared/mcmicro/public_data/cycif_5k/cycif-tonsil-cycle2.ome.tif
PUBLIC_0332,1,/shared/mcmicro/public_data/cycif_5k/cycif-tonsil-cycle1.ome.tif
PUBLIC_0332,2,/shared/mcmicro/public_data/cycif_5k/cycif-tonsil-cycle2.ome.tif
PUBLIC_0333,1,/shared/mcmicro/public_data/cycif_5k/cycif-tonsil-cycle1.ome.tif
PUBLIC_0333,2,/shared/mcmicro/public_data/cycif_5k/cycif-tonsil-cycle2.ome.tif
PUBLIC_0334,1,/shared/mcmicro/public_data/cycif_5k/cycif-tonsil-cycle1.ome.tif
PUBLIC_0334,2,/shared/mcmicro/public_data/cycif_5k/cycif-tonsil-cycle2.ome.tif
PUBLIC_0335,1,/shared/mcmicro/public_data/cycif_5k/cycif-tonsil-cycle1.ome.tif
PUBLIC_0335,2,/shared/mcmicro/public_data/cycif_5k/cycif-tonsil-cycle2.ome.tif
PUBLIC_0336,1,/shared/mcmicro/public_data/cycif_5k/cycif-tonsil-cycle1.ome.tif
PUBLIC_0336,2,/shared/mcmicro/public_data/cycif_5k/cycif-tonsil-cycle2.ome.tif
PUBLIC_0337,1,/shared/mcmicro/public_data/cycif_5k/cycif-tonsil-cycle1.ome.tif
PUBLIC_0337,2,/shared/mcmicro/public_data/cycif_5k/cycif-tonsil-cycle2.ome.tif
PUBLIC_0338,1,/shared/mcmicro/public_data/cycif_5k/cycif-tonsil-cycle1.ome.tif
PUBLIC_0338,2,/shared/mcmicro/public_data/cycif_5k/cycif-tonsil-cycle2.ome.tif
PUBLIC_0339,1,/shared/mcmicro/public_data/cycif_5k/cycif-tonsil-cycle1.ome.tif
PUBLIC_0339,2,/shared/mcmicro/public_data/cycif_5k/cycif-tonsil-cycle2.ome.tif
PUBLIC_0340,1,/shared/mcmicro/public_data/cycif_5k/cycif-tonsil-cycle1.ome.tif
PUBLIC_0340,2,/shared/mcmicro/public_data/cycif_5k/cycif-tonsil-cycle2.ome.tif
PUBLIC_0341,1,/shared/mcmicro/public_data/cycif_5k/cycif-tonsil-cycle1.ome.tif
PUBLIC_0341,2,/shared/mcmicro/public_data/cycif_5k/cycif-tonsil-cycle2.ome.tif
PUBLIC_0342,1,/shared/mcmicro/public_data/cycif_5k/cycif-tonsil-cycle1.ome.tif
PUBLIC_0342,2,/shared/mcmicro/public_data/cycif_5k/cycif-tonsil-cycle2.ome.tif
PUBLIC_0343,1,/shared/mcmicro/public_data/cycif_5k/cycif-tonsil-cycle1.ome.tif
PUBLIC_0343,2,/shared/mcmicro/public_data/cycif_5k/cycif-tonsil-cycle2.ome.tif
PUBLIC_0344,1,/shared/mcmicro/public_data/cycif_5k/cycif-tonsil-cycle1.ome.tif
PUBLIC_0344,2,/shared/mcmicro/public_data/cycif_5k/cycif-tonsil-cycle2.ome.tif
PUBLIC_0345,1,/shared/mcmicro/public_data/cycif_5k/cycif-tonsil-cycle1.ome.tif
PUBLIC_0345,2,/shared/mcmicro/public_data/cycif_5k/cycif-tonsil-cycle2.ome.tif
PUBLIC_0346,1,/shared/mcmicro/public_data/cycif_5k/cycif-tonsil-cycle1.ome.tif
PUBLIC_0346,2,/shared/mcmicro/public_data/cycif_5k/cycif-tonsil-cycle2.ome.tif
PUBLIC_0347,1,/shared/mcmicro/public_data/cycif_5k/cycif-tonsil-cycle1.ome.tif
PUBLIC_0347,2,/shared/mcmicro/public_data/cycif_5k/cycif-tonsil-cycle2.ome.tif
PUBLIC_0348,1,/shared/mcmicro/public_data/cycif_5k/cycif-tonsil-cycle1.ome.tif
PUBLIC_0348,2,/shared/mcmicro/public_data/cycif_5k/cycif-tonsil-cycle2.ome.tif
PUBLIC_0349,1,/shared/mcmicro/public_data/cycif_5k/cycif-tonsil-cycle1.ome.tif
PUBLIC_0349,2,/shared/mcmicro/public_data/cycif_5k/cycif-tonsil-cycle2.ome.tif
PUBLIC_0350,1,/shared/mcmicro/public_data/cycif_5k/cycif-tonsil-cycle1.ome.tif
PUBLIC_0350,2,/shared/mcmicro/public_data/cycif_5k/cycif-tonsil-cycle2.ome.tif
PUBLIC_0351,1,/shared/mcmicro/public_data/cycif_5k/cycif-tonsil-cycle1.ome.tif
PUBLIC_0351,2,/shared/mcmicro/public_data/cycif_5k/cycif-tonsil-cycle2.ome.tif
PUBLIC_0352,1,/shared/mcmicro/public_data/cycif_5k/cycif-tonsil-cycle1.ome.tif
PUBLIC_0352,2,/shared/mcmicro/public_data/cycif_5k/cycif-tonsil-cycle2.ome.tif
PUBLIC_0353,1,/shared/mcmicro/public_data/cycif_5k/cycif-tonsil-cycle1.ome.tif
PUBLIC_0353,2,/shared/mcmicro/public_data/cycif_5k/cycif-tonsil-cycle2.ome.tif
PUBLIC_0354,1,/shared/mcmicro/public_data/cycif_5k/cycif-tonsil-cycle1.ome.tif
PUBLIC_0354,2,/shared/mcmicro/public_data/cycif_5k/cycif-tonsil-cycle2.ome.tif
PUBLIC_0355,1,/shared/mcmicro/public_data/cycif_5k/cycif-tonsil-cycle1.ome.tif
PUBLIC_0355,2,/shared/mcmicro/public_data/cycif_5k/cycif-tonsil-cycle2.ome.tif
PUBLIC_0356,1,/shared/mcmicro/public_data/cycif_5k/cycif-tonsil-cycle1.ome.tif
PUBLIC_0356,2,/shared/mcmicro/public_data/cycif_5k/cycif-tonsil-cycle2.ome.tif
PUBLIC_0357,1,/shared/mcmicro/public_data/cycif_5k/cycif-tonsil-cycle1.ome.tif
PUBLIC_0357,2,/shared/mcmicro/public_data/cycif_5k/cycif-tonsil-cycle2.ome.tif
PUBLIC_0358,1,/shared/mcmicro/public_data/cycif_5k/cycif-tonsil-cycle1.ome.tif
PUBLIC_0358,2,/shared/mcmicro/public_data/cycif_5k/cycif-tonsil-cycle2.ome.tif
PUBLIC_0359,1,/shared/mcmicro/public_data/cycif_5k/cycif-tonsil-cycle1.ome.tif
PUBLIC_0359,2,/shared/mcmicro/public_data/cycif_5k/cycif-tonsil-cycle2.ome.tif
PUBLIC_0360,1,/shared/mcmicro/public_data/cycif_5k/cycif-tonsil-cycle1.ome.tif
PUBLIC_0360,2,/shared/mcmicro/public_data/cycif_5k/cycif-tonsil-cycle2.ome.tif
PUBLIC_0361,1,/shared/mcmicro/public_data/cycif_5k/cycif-tonsil-cycle1.ome.tif
PUBLIC_0361,2,/shared/mcmicro/public_data/cycif_5k/cycif-tonsil-cycle2.ome.tif
PUBLIC_0362,1,/shared/mcmicro/public_data/cycif_5k/cycif-tonsil-cycle1.ome.tif
PUBLIC_0362,2,/shared/mcmicro/public_data/cycif_5k/cycif-tonsil-cycle2.ome.tif
PUBLIC_0363,1,/shared/mcmicro/public_data/cycif_5k/cycif-tonsil-cycle1.ome.tif
PUBLIC_0363,2,/shared/mcmicro/public_data/cycif_5k/cycif-tonsil-cycle2.ome.tif
PUBLIC_0364,1,/shared/mcmicro/public_data/cycif_5k/cycif-tonsil-cycle1.ome.tif
PUBLIC_0364,2,/shared/mcmicro/public_data/cycif_5k/cycif-tonsil-cycle2.ome.tif
PUBLIC_0365,1,/shared/mcmicro/public_data/cycif_5k/cycif-tonsil-cycle1.ome.tif
PUBLIC_0365,2,/shared/mcmicro/public_data/cycif_5k/cycif-tonsil-cycle2.ome.tif
PUBLIC_0366,1,/shared/mcmicro/public_data/cycif_5k/cycif-tonsil-cycle1.ome.tif
PUBLIC_0366,2,/shared/mcmicro/public_data/cycif_5k/cycif-tonsil-cycle2.ome.tif
PUBLIC_0367,1,/shared/mcmicro/public_data/cycif_5k/cycif-tonsil-cycle1.ome.tif
PUBLIC_0367,2,/shared/mcmicro/public_data/cycif_5k/cycif-tonsil-cycle2.ome.tif
PUBLIC_0368,1,/shared/mcmicro/public_data/cycif_5k/cycif-tonsil-cycle1.ome.tif
PUBLIC_0368,2,/shared/mcmicro/public_data/cycif_5k/cycif-tonsil-cycle2.ome.tif
PUBLIC_0369,1,/shared/mcmicro/public_data/cycif_5k/cycif-tonsil-cycle1.ome.tif
PUBLIC_0369,2,/shared/mcmicro/public_data/cycif_5k/cycif-tonsil-cycle2.ome.tif
PUBLIC_0370,1,/shared/mcmicro/public_data/cycif_5k/cycif-tonsil-cycle1.ome.tif
PUBLIC_0370,2,/shared/mcmicro/public_data/cycif_5k/cycif-tonsil-cycle2.ome.tif
PUBLIC_0371,1,/shared/mcmicro/public_data/cycif_5k/cycif-tonsil-cycle1.ome.tif
PUBLIC_0371,2,/shared/mcmicro/public_data/cycif_5k/cycif-tonsil-cycle2.ome.tif
PUBLIC_0372,1,/shared/mcmicro/public_data/cycif_5k/cycif-tonsil-cycle1.ome.tif
PUBLIC_0372,2,/shared/mcmicro/public_data/cycif_5k/cycif-tonsil-cycle2.ome.tif
PUBLIC_0373,1,/shared/mcmicro/public_data/cycif_5k/cycif-tonsil-cycle1.ome.tif
PUBLIC_0373,2,/shared/mcmicro/public_data/cycif_5k/cycif-tonsil-cycle2.ome.tif
PUBLIC_0374,1,/shared/mcmicro/public_data/cycif_5k/cycif-tonsil-cycle1.ome.tif
PUBLIC_0374,2,/shared/mcmicro/public_data/cycif_5k/cycif-tonsil-cycle2.ome.tif
PUBLIC_0375,1,/shared/mcmicro/public_data/cycif_5k/cycif-tonsil-cycle1.ome.tif
PUBLIC_0375,2,/shared/mcmicro/public_data/cycif_5k/cycif-tonsil-cycle2.ome.tif
PUBLIC_0376,1,/shared/mcmicro/public_data/cycif_5k/cycif-tonsil-cycle1.ome.tif
PUBLIC_0376,2,/shared/mcmicro/public_data/cycif_5k/cycif-tonsil-cycle2.ome.tif
PUBLIC_0377,1,/shared/mcmicro/public_data/cycif_5k/cycif-tonsil-cycle1.ome.tif
PUBLIC_0377,2,/shared/mcmicro/public_data/cycif_5k/cycif-tonsil-cycle2.ome.tif
PUBLIC_0378,1,/shared/mcmicro/public_data/cycif_5k/cycif-tonsil-cycle1.ome.tif
PUBLIC_0378,2,/shared/mcmicro/public_data/cycif_5k/cycif-tonsil-cycle2.ome.tif
PUBLIC_0379,1,/shared/mcmicro/public_data/cycif_5k/cycif-tonsil-cycle1.ome.tif
PUBLIC_0379,2,/shared/mcmicro/public_data/cycif_5k/cycif-tonsil-cycle2.ome.tif
PUBLIC_0380,1,/shared/mcmicro/public_data/cycif_5k/cycif-tonsil-cycle1.ome.tif
PUBLIC_0380,2,/shared/mcmicro/public_data/cycif_5k/cycif-tonsil-cycle2.ome.tif
PUBLIC_0381,1,/shared/mcmicro/public_data/cycif_5k/cycif-tonsil-cycle1.ome.tif
PUBLIC_0381,2,/shared/mcmicro/public_data/cycif_5k/cycif-tonsil-cycle2.ome.tif
PUBLIC_0382,1,/shared/mcmicro/public_data/cycif_5k/cycif-tonsil-cycle1.ome.tif
PUBLIC_0382,2,/shared/mcmicro/public_data/cycif_5k/cycif-tonsil-cycle2.ome.tif
PUBLIC_0383,1,/shared/mcmicro/public_data/cycif_5k/cycif-tonsil-cycle1.ome.tif
PUBLIC_0383,2,/shared/mcmicro/public_data/cycif_5k/cycif-tonsil-cycle2.ome.tif
PUBLIC_0384,1,/shared/mcmicro/public_data/cycif_5k/cycif-tonsil-cycle1.ome.tif
PUBLIC_0384,2,/shared/mcmicro/public_data/cycif_5k/cycif-tonsil-cycle2.ome.tif
PUBLIC_0385,1,/shared/mcmicro/public_data/cycif_5k/cycif-tonsil-cycle1.ome.tif
PUBLIC_0385,2,/shared/mcmicro/public_data/cycif_5k/cycif-tonsil-cycle2.ome.tif
PUBLIC_0386,1,/shared/mcmicro/public_data/cycif_5k/cycif-tonsil-cycle1.ome.tif
PUBLIC_0386,2,/shared/mcmicro/public_data/cycif_5k/cycif-tonsil-cycle2.ome.tif
PUBLIC_0387,1,/shared/mcmicro/public_data/cycif_5k/cycif-tonsil-cycle1.ome.tif
PUBLIC_0387,2,/shared/mcmicro/public_data/cycif_5k/cycif-tonsil-cycle2.ome.tif
PUBLIC_0388,1,/shared/mcmicro/public_data/cycif_5k/cycif-tonsil-cycle1.ome.tif
PUBLIC_0388,2,/shared/mcmicro/public_data/cycif_5k/cycif-tonsil-cycle2.ome.tif
PUBLIC_0389,1,/shared/mcmicro/public_data/cycif_5k/cycif-tonsil-cycle1.ome.tif
PUBLIC_0389,2,/shared/mcmicro/public_data/cycif_5k/cycif-tonsil-cycle2.ome.tif
PUBLIC_0390,1,/shared/mcmicro/public_data/cycif_5k/cycif-tonsil-cycle1.ome.tif
PUBLIC_0390,2,/shared/mcmicro/public_data/cycif_5k/cycif-tonsil-cycle2.ome.tif
PUBLIC_0391,1,/shared/mcmicro/public_data/cycif_5k/cycif-tonsil-cycle1.ome.tif
PUBLIC_0391,2,/shared/mcmicro/public_data/cycif_5k/cycif-tonsil-cycle2.ome.tif
PUBLIC_0392,1,/shared/mcmicro/public_data/cycif_5k/cycif-tonsil-cycle1.ome.tif
PUBLIC_0392,2,/shared/mcmicro/public_data/cycif_5k/cycif-tonsil-cycle2.ome.tif
PUBLIC_0393,1,/shared/mcmicro/public_data/cycif_5k/cycif-tonsil-cycle1.ome.tif
PUBLIC_0393,2,/shared/mcmicro/public_data/cycif_5k/cycif-tonsil-cycle2.ome.tif
PUBLIC_0394,1,/shared/mcmicro/public_data/cycif_5k/cycif-tonsil-cycle1.ome.tif
PUBLIC_0394,2,/shared/mcmicro/public_data/cycif_5k/cycif-tonsil-cycle2.ome.tif
PUBLIC_0395,1,/shared/mcmicro/public_data/cycif_5k/cycif-tonsil-cycle1.ome.tif
PUBLIC_0395,2,/shared/mcmicro/public_data/cycif_5k/cycif-tonsil-cycle2.ome.tif
PUBLIC_0396,1,/shared/mcmicro/public_data/cycif_5k/cycif-tonsil-cycle1.ome.tif
PUBLIC_0396,2,/shared/mcmicro/public_data/cycif_5k/cycif-tonsil-cycle2.ome.tif
PUBLIC_0397,1,/shared/mcmicro/public_data/cycif_5k/cycif-tonsil-cycle1.ome.tif
PUBLIC_0397,2,/shared/mcmicro/public_data/cycif_5k/cycif-tonsil-cycle2.ome.tif
PUBLIC_0398,1,/shared/mcmicro/public_data/cycif_5k/cycif-tonsil-cycle1.ome.tif
PUBLIC_0398,2,/shared/mcmicro/public_data/cycif_5k/cycif-tonsil-cycle2.ome.tif
PUBLIC_0399,1,/shared/mcmicro/public_data/cycif_5k/cycif-tonsil-cycle1.ome.tif
PUBLIC_0399,2,/shared/mcmicro/public_data/cycif_5k/cycif-tonsil-cycle2.ome.tif
PUBLIC_0400,1,/shared/mcmicro/public_data/cycif_5k/cycif-tonsil-cycle1.ome.tif
PUBLIC_0400,2,/shared/mcmicro/public_data/cycif_5k/cycif-tonsil-cycle2.ome.tif
PUBLIC_0401,1,/shared/mcmicro/public_data/cycif_5k/cycif-tonsil-cycle1.ome.tif
PUBLIC_0401,2,/shared/mcmicro/public_data/cycif_5k/cycif-tonsil-cycle2.ome.tif
PUBLIC_0402,1,/shared/mcmicro/public_data/cycif_5k/cycif-tonsil-cycle1.ome.tif
PUBLIC_0402,2,/shared/mcmicro/public_data/cycif_5k/cycif-tonsil-cycle2.ome.tif
PUBLIC_0403,1,/shared/mcmicro/public_data/cycif_5k/cycif-tonsil-cycle1.ome.tif
PUBLIC_0403,2,/shared/mcmicro/public_data/cycif_5k/cycif-tonsil-cycle2.ome.tif
PUBLIC_0404,1,/shared/mcmicro/public_data/cycif_5k/cycif-tonsil-cycle1.ome.tif
PUBLIC_0404,2,/shared/mcmicro/public_data/cycif_5k/cycif-tonsil-cycle2.ome.tif
PUBLIC_0405,1,/shared/mcmicro/public_data/cycif_5k/cycif-tonsil-cycle1.ome.tif
PUBLIC_0405,2,/shared/mcmicro/public_data/cycif_5k/cycif-tonsil-cycle2.ome.tif
PUBLIC_0406,1,/shared/mcmicro/public_data/cycif_5k/cycif-tonsil-cycle1.ome.tif
PUBLIC_0406,2,/shared/mcmicro/public_data/cycif_5k/cycif-tonsil-cycle2.ome.tif
PUBLIC_0407,1,/shared/mcmicro/public_data/cycif_5k/cycif-tonsil-cycle1.ome.tif
PUBLIC_0407,2,/shared/mcmicro/public_data/cycif_5k/cycif-tonsil-cycle2.ome.tif
PUBLIC_0408,1,/shared/mcmicro/public_data/cycif_5k/cycif-tonsil-cycle1.ome.tif
PUBLIC_0408,2,/shared/mcmicro/public_data/cycif_5k/cycif-tonsil-cycle2.ome.tif
PUBLIC_0409,1,/shared/mcmicro/public_data/cycif_5k/cycif-tonsil-cycle1.ome.tif
PUBLIC_0409,2,/shared/mcmicro/public_data/cycif_5k/cycif-tonsil-cycle2.ome.tif
PUBLIC_0410,1,/shared/mcmicro/public_data/cycif_5k/cycif-tonsil-cycle1.ome.tif
PUBLIC_0410,2,/shared/mcmicro/public_data/cycif_5k/cycif-tonsil-cycle2.ome.tif
PUBLIC_0411,1,/shared/mcmicro/public_data/cycif_5k/cycif-tonsil-cycle1.ome.tif
PUBLIC_0411,2,/shared/mcmicro/public_data/cycif_5k/cycif-tonsil-cycle2.ome.tif
PUBLIC_0412,1,/shared/mcmicro/public_data/cycif_5k/cycif-tonsil-cycle1.ome.tif
PUBLIC_0412,2,/shared/mcmicro/public_data/cycif_5k/cycif-tonsil-cycle2.ome.tif
PUBLIC_0413,1,/shared/mcmicro/public_data/cycif_5k/cycif-tonsil-cycle1.ome.tif
PUBLIC_0413,2,/shared/mcmicro/public_data/cycif_5k/cycif-tonsil-cycle2.ome.tif
PUBLIC_0414,1,/shared/mcmicro/public_data/cycif_5k/cycif-tonsil-cycle1.ome.tif
PUBLIC_0414,2,/shared/mcmicro/public_data/cycif_5k/cycif-tonsil-cycle2.ome.tif
PUBLIC_0415,1,/shared/mcmicro/public_data/cycif_5k/cycif-tonsil-cycle1.ome.tif
PUBLIC_0415,2,/shared/mcmicro/public_data/cycif_5k/cycif-tonsil-cycle2.ome.tif
PUBLIC_0416,1,/shared/mcmicro/public_data/cycif_5k/cycif-tonsil-cycle1.ome.tif
PUBLIC_0416,2,/shared/mcmicro/public_data/cycif_5k/cycif-tonsil-cycle2.ome.tif
PUBLIC_0417,1,/shared/mcmicro/public_data/cycif_5k/cycif-tonsil-cycle1.ome.tif
PUBLIC_0417,2,/shared/mcmicro/public_data/cycif_5k/cycif-tonsil-cycle2.ome.tif
PUBLIC_0418,1,/shared/mcmicro/public_data/cycif_5k/cycif-tonsil-cycle1.ome.tif
PUBLIC_0418,2,/shared/mcmicro/public_data/cycif_5k/cycif-tonsil-cycle2.ome.tif
PUBLIC_0419,1,/shared/mcmicro/public_data/cycif_5k/cycif-tonsil-cycle1.ome.tif
PUBLIC_0419,2,/shared/mcmicro/public_data/cycif_5k/cycif-tonsil-cycle2.ome.tif
PUBLIC_0420,1,/shared/mcmicro/public_data/cycif_5k/cycif-tonsil-cycle1.ome.tif
PUBLIC_0420,2,/shared/mcmicro/public_data/cycif_5k/cycif-tonsil-cycle2.ome.tif
